Target,Run,Feature,Importance
Mutagenic,1,BalabanJ,0.018510424040054253
Mutagenic,1,BertzCT,0.018115256946140985
Mutagenic,1,Chi0,0.008549649739417515
Mutagenic,1,Chi0n,0.014409215701685218
Mutagenic,1,Chi0v,0.023013251610900082
Mutagenic,1,Chi1,0.01076328543694651
Mutagenic,1,Chi1n,0.014367767796137314
Mutagenic,1,Chi1v,0.01832601500448299
Mutagenic,1,Chi2n,0.012603964767912855
Mutagenic,1,Chi2v,0.02112652735817135
Mutagenic,1,Chi3n,0.01000781637486582
Mutagenic,1,Chi3v,0.017249858804947026
Mutagenic,1,Chi4n,0.011391616906181061
Mutagenic,1,EState_VSA2,0.01911488668561107
Mutagenic,1,EState_VSA8,0.015687015148463018
Mutagenic,1,EState_VSA9,0.028179555034773845
Mutagenic,1,HallKierAlpha,0.022482143613272155
Mutagenic,1,HeavyAtomMolWt,0.021574810317342884
Mutagenic,1,Kappa1,0.04382342760204858
Mutagenic,1,Kappa2,0.029701368455549805
Mutagenic,1,Kappa3,0.03356729196494512
Mutagenic,1,MaxAbsEStateIndex,0.024644037646559088
Mutagenic,1,MaxAbsPartialCharge,0.022862121796836832
Mutagenic,1,MaxEStateIndex,0.023924318531036045
Mutagenic,1,MaxPartialCharge,0.023353088972969355
Mutagenic,1,MinAbsEStateIndex,0.02105043959542535
Mutagenic,1,MinAbsPartialCharge,0.02781236409872954
Mutagenic,1,MinEStateIndex,0.02231180802018118
Mutagenic,1,MinPartialCharge,0.02564496856935134
Mutagenic,1,MolLogP,0.02488033102966799
Mutagenic,1,MolMR,0.0203366853450903
Mutagenic,1,MolWt,0.01873061607409412
Mutagenic,1,NumHeteroatoms,0.012024683890618436
Mutagenic,1,NumValenceElectrons,0.012021226141891524
Mutagenic,1,PEOE_VSA14,0.014292629485484026
Mutagenic,1,PEOE_VSA6,0.018567617727668143
Mutagenic,1,SMR_VSA1,0.01294884526757595
Mutagenic,1,SMR_VSA10,0.053828883628799326
Mutagenic,1,SlogP_VSA2,0.035888978162903824
Mutagenic,1,SlogP_VSA3,0.05831173723142107
Mutagenic,1,SlogP_VSA5,0.013341709846855612
Mutagenic,1,TPSA,0.017111130696599808
Mutagenic,1,VSA_EState1,0.009804523844262595
Mutagenic,1,VSA_EState10,0.00856452533416723
Mutagenic,1,VSA_EState4,0.02648776181334823
Mutagenic,1,VSA_EState5,0.024453137479823316
Mutagenic,1,VSA_EState8,0.014236680458790469
Mutagenic,2,BalabanJ,0.02889713528578036
Mutagenic,2,BertzCT,0.02287686755770031
Mutagenic,2,Chi0,0.01125036394054698
Mutagenic,2,Chi0n,0.012096745206255751
Mutagenic,2,Chi0v,0.02329061959371013
Mutagenic,2,Chi1n,0.01580567839971941
Mutagenic,2,Chi1v,0.016847218557179463
Mutagenic,2,Chi2n,0.01999349976990869
Mutagenic,2,Chi2v,0.022010970325112355
Mutagenic,2,Chi3n,0.015985248249341104
Mutagenic,2,Chi4n,0.011791703189737912
Mutagenic,2,Chi4v,0.013951043904693821
Mutagenic,2,EState_VSA5,0.009277812761374663
Mutagenic,2,EState_VSA8,0.015303135790510604
Mutagenic,2,EState_VSA9,0.03306876627081426
Mutagenic,2,HallKierAlpha,0.02833446925243044
Mutagenic,2,HeavyAtomMolWt,0.024022641600859932
Mutagenic,2,Kappa1,0.02981965805115894
Mutagenic,2,Kappa2,0.02701868091348875
Mutagenic,2,Kappa3,0.025908084818553
Mutagenic,2,MaxAbsEStateIndex,0.023763840572521275
Mutagenic,2,MaxAbsPartialCharge,0.025276915515485124
Mutagenic,2,MaxEStateIndex,0.02528514382123748
Mutagenic,2,MaxPartialCharge,0.02400360249020725
Mutagenic,2,MinAbsEStateIndex,0.024888337336713473
Mutagenic,2,MinAbsPartialCharge,0.01956868372550262
Mutagenic,2,MinEStateIndex,0.030050522752864506
Mutagenic,2,MinPartialCharge,0.02713085509973863
Mutagenic,2,MolLogP,0.027980117657655856
Mutagenic,2,MolMR,0.02801628669412522
Mutagenic,2,MolWt,0.020440784057347564
Mutagenic,2,NumValenceElectrons,0.011534172431997588
Mutagenic,2,PEOE_VSA6,0.01761169072000379
Mutagenic,2,SMR_VSA1,0.016879255812187088
Mutagenic,2,SMR_VSA10,0.055449682197621836
Mutagenic,2,SlogP_VSA2,0.02948460142309092
Mutagenic,2,SlogP_VSA3,0.055071774705487526
Mutagenic,2,VSA_EState1,0.01586833425816052
Mutagenic,2,VSA_EState3,0.011109853828835893
Mutagenic,2,VSA_EState4,0.03384385617246498
Mutagenic,2,VSA_EState5,0.03191151633598472
Mutagenic,2,VSA_EState7,0.018932997020509504
Mutagenic,2,VSA_EState8,0.018346831931379724
Mutagenic,3,BalabanJ,0.023332957343183313
Mutagenic,3,BertzCT,0.016745317406209857
Mutagenic,3,Chi0,0.009455597833081475
Mutagenic,3,Chi0n,0.015523305241314001
Mutagenic,3,Chi0v,0.02528791349562212
Mutagenic,3,Chi1,0.009555997777775172
Mutagenic,3,Chi1n,0.014083458855953053
Mutagenic,3,Chi1v,0.01941546449608518
Mutagenic,3,Chi2n,0.01447818374548083
Mutagenic,3,Chi2v,0.016455852349095794
Mutagenic,3,Chi3n,0.011381194320099658
Mutagenic,3,Chi3v,0.013896375468403098
Mutagenic,3,Chi4n,0.015091830370054172
Mutagenic,3,Chi4v,0.013669870789871584
Mutagenic,3,EState_VSA1,0.01653860036920423
Mutagenic,3,EState_VSA9,0.02422468852660178
Mutagenic,3,HallKierAlpha,0.024238894834923103
Mutagenic,3,HeavyAtomMolWt,0.020006958667590537
Mutagenic,3,Kappa1,0.03822548213902918
Mutagenic,3,Kappa2,0.021671489243786077
Mutagenic,3,Kappa3,0.03140906231522483
Mutagenic,3,MaxAbsEStateIndex,0.019414354457111316
Mutagenic,3,MaxAbsPartialCharge,0.022570995435391195
Mutagenic,3,MaxEStateIndex,0.023676140819690272
Mutagenic,3,MaxPartialCharge,0.029356612585818287
Mutagenic,3,MinAbsEStateIndex,0.018885772223931886
Mutagenic,3,MinAbsPartialCharge,0.029532622219057933
Mutagenic,3,MinEStateIndex,0.028258914897074074
Mutagenic,3,MinPartialCharge,0.034141326040721204
Mutagenic,3,MolLogP,0.01963836675975813
Mutagenic,3,MolMR,0.026327583928321616
Mutagenic,3,MolWt,0.023666792645460177
Mutagenic,3,NumValenceElectrons,0.00897176421440121
Mutagenic,3,PEOE_VSA1,0.01386315595276348
Mutagenic,3,PEOE_VSA6,0.017483584188300087
Mutagenic,3,SMR_VSA1,0.020713595135545926
Mutagenic,3,SMR_VSA10,0.0394624083005855
Mutagenic,3,SMR_VSA5,0.010272613095201798
Mutagenic,3,SMR_VSA6,0.008315174880604763
Mutagenic,3,SlogP_VSA2,0.029673940209935454
Mutagenic,3,SlogP_VSA3,0.04996489257495688
Mutagenic,3,SlogP_VSA5,0.011650244140438682
Mutagenic,3,VSA_EState1,0.017486250492102638
Mutagenic,3,VSA_EState10,0.01000412597742224
Mutagenic,3,VSA_EState4,0.03454107622466192
Mutagenic,3,VSA_EState5,0.0278467122205316
Mutagenic,3,VSA_EState7,0.013319592377071929
Mutagenic,3,VSA_EState8,0.01627289241455064
Mutagenic,4,BalabanJ,0.019818307037318607
Mutagenic,4,BertzCT,0.02440582858314921
Mutagenic,4,Chi0n,0.017838273016498617
Mutagenic,4,Chi0v,0.027942433179300587
Mutagenic,4,Chi1,0.011099948534407033
Mutagenic,4,Chi1n,0.017219171988925083
Mutagenic,4,Chi1v,0.01850842573768204
Mutagenic,4,Chi2n,0.022159208968579827
Mutagenic,4,Chi2v,0.01909381863432689
Mutagenic,4,Chi3n,0.01789116691213332
Mutagenic,4,Chi3v,0.015437972221534976
Mutagenic,4,Chi4n,0.02466174855078179
Mutagenic,4,EState_VSA2,0.015429739469893854
Mutagenic,4,EState_VSA5,0.013479411517636243
Mutagenic,4,EState_VSA9,0.020617544430116364
Mutagenic,4,HallKierAlpha,0.033373284423822196
Mutagenic,4,HeavyAtomMolWt,0.020299261140328498
Mutagenic,4,Kappa1,0.022341301994212
Mutagenic,4,Kappa2,0.027761597605197405
Mutagenic,4,Kappa3,0.03290758996721842
Mutagenic,4,MaxAbsEStateIndex,0.028563595801635283
Mutagenic,4,MaxAbsPartialCharge,0.028738944789596804
Mutagenic,4,MaxEStateIndex,0.023501078555284074
Mutagenic,4,MaxPartialCharge,0.03798383574228511
Mutagenic,4,MinAbsEStateIndex,0.025725407726806777
Mutagenic,4,MinAbsPartialCharge,0.02976584924961288
Mutagenic,4,MinEStateIndex,0.028136641331600907
Mutagenic,4,MinPartialCharge,0.02317168547974035
Mutagenic,4,MolLogP,0.02625511461978303
Mutagenic,4,MolMR,0.036777074266678526
Mutagenic,4,MolWt,0.021747259499463687
Mutagenic,4,PEOE_VSA6,0.01704193574011145
Mutagenic,4,SMR_VSA1,0.01882942877841382
Mutagenic,4,SMR_VSA10,0.04427978072221587
Mutagenic,4,SMR_VSA6,0.011550485447417071
Mutagenic,4,SlogP_VSA2,0.03360158550680354
Mutagenic,4,SlogP_VSA3,0.05833827316475182
Mutagenic,4,VSA_EState1,0.011083883132474387
Mutagenic,4,VSA_EState10,0.010416247073993171
Mutagenic,4,VSA_EState3,0.014247564289769058
Mutagenic,4,VSA_EState5,0.026203440214014388
Mutagenic,4,VSA_EState7,0.02175485495448518
Mutagenic,5,BalabanJ,0.029444643853386198
Mutagenic,5,BertzCT,0.023699625185634374
Mutagenic,5,Chi0n,0.012663066166718988
Mutagenic,5,Chi0v,0.03020158326292696
Mutagenic,5,Chi1,0.009751393668951905
Mutagenic,5,Chi1n,0.014533980215446898
Mutagenic,5,Chi1v,0.014453392823961655
Mutagenic,5,Chi2n,0.024771424960400915
Mutagenic,5,Chi2v,0.017710147094924886
Mutagenic,5,Chi4n,0.021603136157060384
Mutagenic,5,Chi4v,0.017268125213851283
Mutagenic,5,EState_VSA6,0.017642842819085132
Mutagenic,5,HallKierAlpha,0.027816936170573812
Mutagenic,5,HeavyAtomCount,0.004877330024241312
Mutagenic,5,HeavyAtomMolWt,0.02229468729994765
Mutagenic,5,Kappa1,0.02747923656176873
Mutagenic,5,Kappa2,0.03763242283993849
Mutagenic,5,Kappa3,0.03156509688716124
Mutagenic,5,MaxAbsEStateIndex,0.026870301603954237
Mutagenic,5,MaxAbsPartialCharge,0.02371863387472421
Mutagenic,5,MaxEStateIndex,0.025221523281140117
Mutagenic,5,MaxPartialCharge,0.04076238209809995
Mutagenic,5,MinAbsEStateIndex,0.02432901015248084
Mutagenic,5,MinAbsPartialCharge,0.03374218002529563
Mutagenic,5,MinEStateIndex,0.02407631719647992
Mutagenic,5,MinPartialCharge,0.03589026351963397
Mutagenic,5,MolLogP,0.030058310064268845
Mutagenic,5,MolMR,0.02552510070294917
Mutagenic,5,MolWt,0.026075512466943403
Mutagenic,5,NumHeteroatoms,0.01430031350524537
Mutagenic,5,NumValenceElectrons,0.010523079279512328
Mutagenic,5,PEOE_VSA6,0.01744027308917723
Mutagenic,5,SMR_VSA1,0.02374998461954387
Mutagenic,5,SMR_VSA10,0.05889586666701604
Mutagenic,5,SlogP_VSA2,0.02991397437648966
Mutagenic,5,SlogP_VSA3,0.06889273702847372
Mutagenic,5,VSA_EState1,0.014399874786497022
Mutagenic,5,VSA_EState5,0.026745785618248
Mutagenic,5,VSA_EState7,0.018154381362890236
Mutagenic,5,VSA_EState8,0.015305123474955395
Mutagenic,6,BalabanJ,0.02236417799671654
Mutagenic,6,BertzCT,0.022478095653180197
Mutagenic,6,Chi0n,0.014146377223268058
Mutagenic,6,Chi0v,0.02359887380017757
Mutagenic,6,Chi1,0.008661108355587985
Mutagenic,6,Chi1n,0.014134329178588895
Mutagenic,6,Chi1v,0.011295446398550008
Mutagenic,6,Chi2n,0.0171679142744978
Mutagenic,6,Chi2v,0.016789043247500305
Mutagenic,6,Chi3n,0.013393159822216767
Mutagenic,6,Chi3v,0.01640576683704763
Mutagenic,6,Chi4v,0.011591677211473188
Mutagenic,6,EState_VSA2,0.012473778071488027
Mutagenic,6,EState_VSA9,0.028694099147030697
Mutagenic,6,HallKierAlpha,0.026319364272974023
Mutagenic,6,HeavyAtomMolWt,0.023300769286465167
Mutagenic,6,Kappa1,0.03125494410677495
Mutagenic,6,Kappa2,0.031553938572465634
Mutagenic,6,Kappa3,0.034166574751705654
Mutagenic,6,MaxAbsEStateIndex,0.02435500468752101
Mutagenic,6,MaxAbsPartialCharge,0.02346509651799899
Mutagenic,6,MaxEStateIndex,0.024771947352387736
Mutagenic,6,MaxPartialCharge,0.02435576295717459
Mutagenic,6,MinAbsEStateIndex,0.02233797762054625
Mutagenic,6,MinAbsPartialCharge,0.023790079017395906
Mutagenic,6,MinEStateIndex,0.02888597311860201
Mutagenic,6,MinPartialCharge,0.02793843625942435
Mutagenic,6,MolLogP,0.027660317544560376
Mutagenic,6,MolMR,0.02091412860052577
Mutagenic,6,MolWt,0.020993319093776365
Mutagenic,6,NumValenceElectrons,0.009893147393942573
Mutagenic,6,PEOE_VSA6,0.018964298199231528
Mutagenic,6,SMR_VSA1,0.026674157744692766
Mutagenic,6,SMR_VSA10,0.05702793001762758
Mutagenic,6,SMR_VSA3,0.016116279720792735
Mutagenic,6,SlogP_VSA2,0.03204337516601773
Mutagenic,6,SlogP_VSA3,0.06710843696693326
Mutagenic,6,VSA_EState1,0.018457027647727265
Mutagenic,6,VSA_EState10,0.012624362099869795
Mutagenic,6,VSA_EState4,0.03082063932020073
Mutagenic,6,VSA_EState5,0.029551999624841223
Mutagenic,6,VSA_EState7,0.018456315165802747
Mutagenic,6,VSA_EState8,0.013004549954697726
Mutagenic,7,BalabanJ,0.023517231452116153
Mutagenic,7,BertzCT,0.02172760746358376
Mutagenic,7,Chi0,0.009194237163688262
Mutagenic,7,Chi0n,0.015012672999154212
Mutagenic,7,Chi0v,0.029229649996177217
Mutagenic,7,Chi1n,0.011548574219784571
Mutagenic,7,Chi1v,0.01745127860058024
Mutagenic,7,Chi2n,0.013441030984636755
Mutagenic,7,Chi2v,0.015443558641646175
Mutagenic,7,Chi3n,0.015868068793175056
Mutagenic,7,Chi3v,0.021994260029388618
Mutagenic,7,Chi4v,0.012301082062104195
Mutagenic,7,EState_VSA2,0.020462103684828956
Mutagenic,7,EState_VSA8,0.014132572645147435
Mutagenic,7,HallKierAlpha,0.03129684276350397
Mutagenic,7,HeavyAtomMolWt,0.03325940877084547
Mutagenic,7,Kappa1,0.03455637262502473
Mutagenic,7,Kappa2,0.03140219088184799
Mutagenic,7,Kappa3,0.0329078199187319
Mutagenic,7,MaxAbsEStateIndex,0.022728857988782793
Mutagenic,7,MaxAbsPartialCharge,0.02779653895222987
Mutagenic,7,MaxEStateIndex,0.02617857487646703
Mutagenic,7,MaxPartialCharge,0.02594501217728429
Mutagenic,7,MinAbsPartialCharge,0.025322802788728577
Mutagenic,7,MinEStateIndex,0.02233896415282048
Mutagenic,7,MinPartialCharge,0.03021702608061931
Mutagenic,7,MolLogP,0.02569944232078211
Mutagenic,7,MolMR,0.026964078474031473
Mutagenic,7,MolWt,0.030049750676825547
Mutagenic,7,NumHeteroatoms,0.013019204785864671
Mutagenic,7,NumValenceElectrons,0.010268014547500138
Mutagenic,7,PEOE_VSA6,0.018425135552925045
Mutagenic,7,SMR_VSA1,0.021667492628588622
Mutagenic,7,SMR_VSA10,0.04909932474558582
Mutagenic,7,SlogP_VSA2,0.036162387476767345
Mutagenic,7,SlogP_VSA3,0.052801641984812984
Mutagenic,7,VSA_EState1,0.018212553666546432
Mutagenic,7,VSA_EState10,0.012138305467549744
Mutagenic,7,VSA_EState4,0.03971927395694058
Mutagenic,7,VSA_EState5,0.027050774930408014
Mutagenic,7,VSA_EState7,0.016463992687399422
Mutagenic,7,VSA_EState8,0.01698428538457405
Mutagenic,8,BalabanJ,0.02210018758097096
Mutagenic,8,BertzCT,0.02289291158193669
Mutagenic,8,Chi0,0.00863888046646551
Mutagenic,8,Chi0n,0.018869244861506415
Mutagenic,8,Chi0v,0.02640868434018543
Mutagenic,8,Chi1,0.01641030327678787
Mutagenic,8,Chi1n,0.013052222346335142
Mutagenic,8,Chi1v,0.01901048254014831
Mutagenic,8,Chi2n,0.016204292343309654
Mutagenic,8,Chi2v,0.021052633000748895
Mutagenic,8,Chi3n,0.015507550725862232
Mutagenic,8,Chi4n,0.01838286283202811
Mutagenic,8,Chi4v,0.01716147634386002
Mutagenic,8,EState_VSA2,0.018747381797943278
Mutagenic,8,EState_VSA5,0.013554362092414453
Mutagenic,8,EState_VSA9,0.02832724880816576
Mutagenic,8,HallKierAlpha,0.024868505082611986
Mutagenic,8,HeavyAtomCount,0.005068296168734287
Mutagenic,8,HeavyAtomMolWt,0.022253962996729083
Mutagenic,8,Kappa1,0.03249461136177626
Mutagenic,8,Kappa2,0.029835797807384712
Mutagenic,8,Kappa3,0.028970893443019907
Mutagenic,8,MaxAbsEStateIndex,0.02141040715700348
Mutagenic,8,MaxAbsPartialCharge,0.02545438100431111
Mutagenic,8,MaxEStateIndex,0.022719011339128983
Mutagenic,8,MaxPartialCharge,0.030823576340986245
Mutagenic,8,MinAbsEStateIndex,0.021377550747383022
Mutagenic,8,MinAbsPartialCharge,0.029077964815367174
Mutagenic,8,MinEStateIndex,0.027785004537040497
Mutagenic,8,MinPartialCharge,0.024721485977185438
Mutagenic,8,MolLogP,0.02985705680684412
Mutagenic,8,MolMR,0.04102855051514217
Mutagenic,8,MolWt,0.021023471724222764
Mutagenic,8,NumValenceElectrons,0.009680421756329143
Mutagenic,8,PEOE_VSA6,0.021517438215953564
Mutagenic,8,SMR_VSA1,0.02093379203971303
Mutagenic,8,SMR_VSA10,0.047519577385022486
Mutagenic,8,SlogP_VSA2,0.040810098490838276
Mutagenic,8,SlogP_VSA3,0.04683455684672532
Mutagenic,8,VSA_EState1,0.013155669661528244
Mutagenic,8,VSA_EState10,0.011388848239211158
Mutagenic,8,VSA_EState5,0.021605948215550598
Mutagenic,8,VSA_EState7,0.01334443657893594
Mutagenic,8,VSA_EState8,0.018117959806652234
Mutagenic,9,BalabanJ,0.02071732285021195
Mutagenic,9,BertzCT,0.02396010169377705
Mutagenic,9,Chi0n,0.016469773733277463
Mutagenic,9,Chi0v,0.023629005359525418
Mutagenic,9,Chi1,0.01329808282880159
Mutagenic,9,Chi1n,0.01889227326082416
Mutagenic,9,Chi1v,0.013730858627225612
Mutagenic,9,Chi2n,0.021487875579525646
Mutagenic,9,Chi2v,0.018158069112028996
Mutagenic,9,Chi3n,0.01444639836202071
Mutagenic,9,Chi3v,0.011638664886276446
Mutagenic,9,Chi4n,0.019784019760748565
Mutagenic,9,Chi4v,0.011181080468812239
Mutagenic,9,EState_VSA2,0.01899473467619563
Mutagenic,9,EState_VSA9,0.027926304393266346
Mutagenic,9,HallKierAlpha,0.027031467256497185
Mutagenic,9,HeavyAtomMolWt,0.026604588832921685
Mutagenic,9,Kappa1,0.030717352149614838
Mutagenic,9,Kappa2,0.025443132138132263
Mutagenic,9,Kappa3,0.03289212724986702
Mutagenic,9,MaxAbsEStateIndex,0.018139588017530586
Mutagenic,9,MaxAbsPartialCharge,0.025782699652388694
Mutagenic,9,MaxEStateIndex,0.019477615316177387
Mutagenic,9,MaxPartialCharge,0.024629789150608174
Mutagenic,9,MinAbsEStateIndex,0.020614609765207275
Mutagenic,9,MinAbsPartialCharge,0.022121551915102313
Mutagenic,9,MinEStateIndex,0.028117245959197165
Mutagenic,9,MinPartialCharge,0.027633618620619367
Mutagenic,9,MolLogP,0.0227367078182885
Mutagenic,9,MolMR,0.027309819389747716
Mutagenic,9,MolWt,0.01944177540177212
Mutagenic,9,NumValenceElectrons,0.012165979408525276
Mutagenic,9,PEOE_VSA1,0.012440239865001342
Mutagenic,9,PEOE_VSA6,0.017634841027782
Mutagenic,9,PEOE_VSA9,0.01488662773078364
Mutagenic,9,SMR_VSA1,0.019603185390459445
Mutagenic,9,SMR_VSA10,0.05690063278743544
Mutagenic,9,SlogP_VSA1,0.00987215803282078
Mutagenic,9,SlogP_VSA2,0.033296070200613544
Mutagenic,9,SlogP_VSA3,0.05908491435487794
Mutagenic,9,VSA_EState1,0.012764145690118236
Mutagenic,9,VSA_EState10,0.010627930641094565
Mutagenic,9,VSA_EState4,0.02002960355709286
Mutagenic,9,VSA_EState5,0.029648402583518904
Mutagenic,9,VSA_EState8,0.018037014503686
Mutagenic,10,BalabanJ,0.02535221968325409
Mutagenic,10,BertzCT,0.0239476894339041
Mutagenic,10,Chi0,0.009579696318200442
Mutagenic,10,Chi0n,0.016643696023684672
Mutagenic,10,Chi0v,0.01829747918365411
Mutagenic,10,Chi1,0.01253717680791114
Mutagenic,10,Chi1n,0.01238194351833173
Mutagenic,10,Chi1v,0.020857387362273144
Mutagenic,10,Chi2n,0.019928958578166015
Mutagenic,10,Chi2v,0.017277999085876357
Mutagenic,10,Chi3n,0.011651712874287708
Mutagenic,10,Chi3v,0.017914449799322746
Mutagenic,10,Chi4n,0.010560325898839913
Mutagenic,10,Chi4v,0.01270225246857257
Mutagenic,10,EState_VSA2,0.013700134729962964
Mutagenic,10,EState_VSA5,0.010126644815587465
Mutagenic,10,EState_VSA8,0.014603762895647299
Mutagenic,10,EState_VSA9,0.025878207630420574
Mutagenic,10,HallKierAlpha,0.030439835649759463
Mutagenic,10,HeavyAtomMolWt,0.028224292096737023
Mutagenic,10,Kappa1,0.027200138294278906
Mutagenic,10,Kappa2,0.02504858987455765
Mutagenic,10,Kappa3,0.027028285840205852
Mutagenic,10,MaxAbsEStateIndex,0.025033545639480462
Mutagenic,10,MaxAbsPartialCharge,0.02245971000739389
Mutagenic,10,MaxEStateIndex,0.021736754805129932
Mutagenic,10,MaxPartialCharge,0.028352401777269044
Mutagenic,10,MinAbsEStateIndex,0.0248152102257592
Mutagenic,10,MinAbsPartialCharge,0.024298523278445085
Mutagenic,10,MinEStateIndex,0.02382404015324712
Mutagenic,10,MinPartialCharge,0.027788460991596424
Mutagenic,10,MolLogP,0.02498376425326923
Mutagenic,10,MolMR,0.02654631746021981
Mutagenic,10,MolWt,0.022636590089673395
Mutagenic,10,NumHeteroatoms,0.01076356854464811
Mutagenic,10,NumValenceElectrons,0.011367843569743172
Mutagenic,10,PEOE_VSA6,0.02062859026941703
Mutagenic,10,SMR_VSA1,0.015022295235843065
Mutagenic,10,SMR_VSA10,0.05885147124041501
Mutagenic,10,SlogP_VSA2,0.03449648033776142
Mutagenic,10,SlogP_VSA3,0.048658883222921306
Mutagenic,10,VSA_EState1,0.016681866341152794
Mutagenic,10,VSA_EState10,0.008312605226205257
Mutagenic,10,VSA_EState5,0.03292595412197009
Mutagenic,10,VSA_EState7,0.024605497955630832
Mutagenic,10,VSA_EState8,0.013326746389372465
Mutagenic,11,BalabanJ,0.0250578573044114
Mutagenic,11,BertzCT,0.02357960082879991
Mutagenic,11,Chi0,0.007720677087266403
Mutagenic,11,Chi0n,0.013149241590234501
Mutagenic,11,Chi0v,0.021124413993587342
Mutagenic,11,Chi1,0.008992639593400534
Mutagenic,11,Chi1n,0.015950811495130182
Mutagenic,11,Chi1v,0.01791028256131774
Mutagenic,11,Chi2n,0.022040071888004793
Mutagenic,11,Chi2v,0.01847559207914534
Mutagenic,11,Chi3n,0.012813053873258292
Mutagenic,11,Chi3v,0.019489497802771278
Mutagenic,11,Chi4n,0.01542031886899076
Mutagenic,11,EState_VSA2,0.013236047447452614
Mutagenic,11,EState_VSA9,0.0341947651251632
Mutagenic,11,HallKierAlpha,0.026561343003804114
Mutagenic,11,HeavyAtomCount,0.005497961931553793
Mutagenic,11,HeavyAtomMolWt,0.02894833199955898
Mutagenic,11,Kappa1,0.030578578234132993
Mutagenic,11,Kappa2,0.028577327788052706
Mutagenic,11,Kappa3,0.0305714484425387
Mutagenic,11,MaxAbsEStateIndex,0.022411483076069244
Mutagenic,11,MaxAbsPartialCharge,0.025480344101193275
Mutagenic,11,MaxEStateIndex,0.023630639250863544
Mutagenic,11,MaxPartialCharge,0.025440716700028333
Mutagenic,11,MinAbsEStateIndex,0.019036870085589453
Mutagenic,11,MinAbsPartialCharge,0.024316916803301492
Mutagenic,11,MinEStateIndex,0.02542023080692679
Mutagenic,11,MinPartialCharge,0.029744283669664386
Mutagenic,11,MolLogP,0.02099196197518222
Mutagenic,11,MolMR,0.01996390499760831
Mutagenic,11,MolWt,0.021642082584298686
Mutagenic,11,NumValenceElectrons,0.008435752992717416
Mutagenic,11,PEOE_VSA6,0.018237495323151248
Mutagenic,11,PEOE_VSA9,0.01926518122318728
Mutagenic,11,SMR_VSA1,0.015916665217466073
Mutagenic,11,SMR_VSA10,0.04613408468098137
Mutagenic,11,SMR_VSA5,0.009247612498075576
Mutagenic,11,SMR_VSA6,0.008352263788500397
Mutagenic,11,SlogP_VSA2,0.033153480336638126
Mutagenic,11,SlogP_VSA3,0.0504239353297036
Mutagenic,11,SlogP_VSA5,0.010331924064058801
Mutagenic,11,VSA_EState10,0.011309813195123499
Mutagenic,11,VSA_EState2,0.018961401841935187
Mutagenic,11,VSA_EState5,0.024730920343128918
Mutagenic,11,VSA_EState6,0.01701156342893819
Mutagenic,11,VSA_EState7,0.016134354250612343
Mutagenic,11,VSA_EState8,0.014384254496480639
Mutagenic,12,BalabanJ,0.02116686631328859
Mutagenic,12,BertzCT,0.021480113431383542
Mutagenic,12,Chi0,0.00860206283911367
Mutagenic,12,Chi0n,0.016036581082897402
Mutagenic,12,Chi0v,0.02388771868160142
Mutagenic,12,Chi1,0.010687962393657695
Mutagenic,12,Chi1n,0.012510434065988278
Mutagenic,12,Chi1v,0.013806863261239189
Mutagenic,12,Chi2n,0.01964772113803325
Mutagenic,12,Chi2v,0.020659123773910104
Mutagenic,12,Chi3n,0.014028022895375839
Mutagenic,12,Chi3v,0.014184843502353184
Mutagenic,12,Chi4n,0.02099272467021151
Mutagenic,12,Chi4v,0.014196940545270436
Mutagenic,12,EState_VSA2,0.016869017137526626
Mutagenic,12,EState_VSA9,0.028579506095897534
Mutagenic,12,HallKierAlpha,0.027146153386904064
Mutagenic,12,HeavyAtomMolWt,0.02094638660689573
Mutagenic,12,Kappa1,0.02821959077326665
Mutagenic,12,Kappa2,0.029659565605931828
Mutagenic,12,Kappa3,0.027692734247243767
Mutagenic,12,MaxAbsEStateIndex,0.023865021057576197
Mutagenic,12,MaxAbsPartialCharge,0.017199740537010982
Mutagenic,12,MaxEStateIndex,0.022448876157290455
Mutagenic,12,MaxPartialCharge,0.02532763120945308
Mutagenic,12,MinAbsEStateIndex,0.01848032387831756
Mutagenic,12,MinAbsPartialCharge,0.020471375359375626
Mutagenic,12,MinEStateIndex,0.025656700879747956
Mutagenic,12,MinPartialCharge,0.02729040456569815
Mutagenic,12,MolLogP,0.02480122682397388
Mutagenic,12,MolMR,0.03145414198261371
Mutagenic,12,MolWt,0.025168434641697896
Mutagenic,12,NumValenceElectrons,0.00758859626631263
Mutagenic,12,PEOE_VSA1,0.010632711816574734
Mutagenic,12,PEOE_VSA6,0.021490585339844492
Mutagenic,12,PEOE_VSA7,0.01933771968462322
Mutagenic,12,PEOE_VSA9,0.014052831315594852
Mutagenic,12,SMR_VSA1,0.02179415400210475
Mutagenic,12,SMR_VSA10,0.052721268379097345
Mutagenic,12,SlogP_VSA2,0.02460285642315038
Mutagenic,12,SlogP_VSA3,0.056898021982504154
Mutagenic,12,TPSA,0.01662082747260787
Mutagenic,12,VSA_EState1,0.017305317081154684
Mutagenic,12,VSA_EState10,0.010782965331417125
Mutagenic,12,VSA_EState5,0.020169928676834155
Mutagenic,12,VSA_EState7,0.01624521077066572
Mutagenic,12,VSA_EState8,0.016592195916768068
Mutagenic,13,BalabanJ,0.02104096875594443
Mutagenic,13,BertzCT,0.02131766192883061
Mutagenic,13,Chi0n,0.017111438270834917
Mutagenic,13,Chi0v,0.03522178819826872
Mutagenic,13,Chi1,0.013540794895745282
Mutagenic,13,Chi1n,0.012726768493799985
Mutagenic,13,Chi1v,0.013598558769906312
Mutagenic,13,Chi2n,0.025154238889214822
Mutagenic,13,Chi2v,0.019257508399792598
Mutagenic,13,Chi3n,0.012303100833279845
Mutagenic,13,Chi3v,0.010762487674462518
Mutagenic,13,Chi4n,0.019390344779701134
Mutagenic,13,Chi4v,0.01039053481445217
Mutagenic,13,EState_VSA2,0.016854158906412932
Mutagenic,13,EState_VSA4,0.012563924616118825
Mutagenic,13,EState_VSA9,0.026810379381492694
Mutagenic,13,HallKierAlpha,0.02711760617911272
Mutagenic,13,HeavyAtomMolWt,0.02499103525648514
Mutagenic,13,Kappa1,0.02847372302976715
Mutagenic,13,Kappa2,0.02345077679478219
Mutagenic,13,Kappa3,0.027510397727756847
Mutagenic,13,MaxAbsEStateIndex,0.021276997503195092
Mutagenic,13,MaxAbsPartialCharge,0.01584301233244162
Mutagenic,13,MaxEStateIndex,0.019617468445406124
Mutagenic,13,MaxPartialCharge,0.019498116361223655
Mutagenic,13,MinAbsEStateIndex,0.02039982365011601
Mutagenic,13,MinAbsPartialCharge,0.023182055373663198
Mutagenic,13,MinEStateIndex,0.026841561754400264
Mutagenic,13,MinPartialCharge,0.0246080210131037
Mutagenic,13,MolLogP,0.024469360508247925
Mutagenic,13,MolMR,0.02705885851344023
Mutagenic,13,MolWt,0.0183508731440271
Mutagenic,13,NumValenceElectrons,0.010960366812838504
Mutagenic,13,PEOE_VSA6,0.023292705954842098
Mutagenic,13,PEOE_VSA7,0.01650897391112651
Mutagenic,13,PEOE_VSA9,0.013917512704805467
Mutagenic,13,SMR_VSA1,0.018979807231589603
Mutagenic,13,SMR_VSA10,0.044694404455602875
Mutagenic,13,SMR_VSA5,0.011901329642158905
Mutagenic,13,SlogP_VSA2,0.027047101318740982
Mutagenic,13,SlogP_VSA3,0.05454350430262892
Mutagenic,13,VSA_EState1,0.014102278777090638
Mutagenic,13,VSA_EState10,0.01054251214650644
Mutagenic,13,VSA_EState4,0.01821935208954802
Mutagenic,13,VSA_EState5,0.024994512498289923
Mutagenic,13,VSA_EState6,0.017064913351001364
Mutagenic,13,VSA_EState7,0.01726188421823643
Mutagenic,13,VSA_EState8,0.01523449538956661
Mutagenic,14,BalabanJ,0.02485974456721647
Mutagenic,14,BertzCT,0.025611311332608102
Mutagenic,14,Chi0n,0.017176588042622825
Mutagenic,14,Chi0v,0.0233808258207577
Mutagenic,14,Chi1,0.016141319653409505
Mutagenic,14,Chi1n,0.020810149520079035
Mutagenic,14,Chi1v,0.016146895680277423
Mutagenic,14,Chi2n,0.020075005189603482
Mutagenic,14,Chi2v,0.020054021907656098
Mutagenic,14,Chi3n,0.015484088080088686
Mutagenic,14,Chi3v,0.016877084458253734
Mutagenic,14,Chi4n,0.018254117166519136
Mutagenic,14,EState_VSA2,0.011467982989937293
Mutagenic,14,HallKierAlpha,0.023537427447678214
Mutagenic,14,HeavyAtomMolWt,0.028931245347613852
Mutagenic,14,Kappa1,0.028451290224457963
Mutagenic,14,Kappa2,0.025460272607582404
Mutagenic,14,Kappa3,0.02253021689897066
Mutagenic,14,MaxAbsEStateIndex,0.022764876292623953
Mutagenic,14,MaxAbsPartialCharge,0.019482046682055932
Mutagenic,14,MaxEStateIndex,0.019675036804365328
Mutagenic,14,MaxPartialCharge,0.03046008473177519
Mutagenic,14,MinAbsEStateIndex,0.021722621413688182
Mutagenic,14,MinAbsPartialCharge,0.02363591348188557
Mutagenic,14,MinEStateIndex,0.027206878060809736
Mutagenic,14,MinPartialCharge,0.02886539831106072
Mutagenic,14,MolLogP,0.03740378288344007
Mutagenic,14,MolMR,0.03474835130616864
Mutagenic,14,MolWt,0.021630703485131797
Mutagenic,14,NumHeteroatoms,0.012187122465900396
Mutagenic,14,NumValenceElectrons,0.012733577370586079
Mutagenic,14,PEOE_VSA14,0.014062628741782287
Mutagenic,14,PEOE_VSA6,0.019713525508598156
Mutagenic,14,PEOE_VSA9,0.016591201922987877
Mutagenic,14,SMR_VSA1,0.016651173452186457
Mutagenic,14,SMR_VSA10,0.05303537259068834
Mutagenic,14,SMR_VSA5,0.012300197028907332
Mutagenic,14,SlogP_VSA2,0.029105523106802315
Mutagenic,14,SlogP_VSA3,0.05230220088429912
Mutagenic,14,SlogP_VSA5,0.009168638940183453
Mutagenic,14,VSA_EState1,0.015961205571034892
Mutagenic,14,VSA_EState10,0.010294936940848619
Mutagenic,14,VSA_EState5,0.026185926671064966
Mutagenic,14,VSA_EState7,0.01735616387715826
Mutagenic,14,VSA_EState8,0.019505324538633757
Mutagenic,15,BalabanJ,0.020713797023927102
Mutagenic,15,BertzCT,0.024276000897641793
Mutagenic,15,Chi0,0.007659766557641826
Mutagenic,15,Chi0n,0.015992067831554765
Mutagenic,15,Chi0v,0.025889715086420528
Mutagenic,15,Chi1,0.013689419748786043
Mutagenic,15,Chi1n,0.014125779428430268
Mutagenic,15,Chi1v,0.020462890882883212
Mutagenic,15,Chi2n,0.013472672383536114
Mutagenic,15,Chi2v,0.018823688556056886
Mutagenic,15,Chi3n,0.021968202749385157
Mutagenic,15,Chi3v,0.014259781956273395
Mutagenic,15,Chi4n,0.0181752968077937
Mutagenic,15,Chi4v,0.01648541983690311
Mutagenic,15,EState_VSA2,0.01334904510834798
Mutagenic,15,EState_VSA5,0.010041447266709577
Mutagenic,15,EState_VSA8,0.014197019844094484
Mutagenic,15,HallKierAlpha,0.028788540524072866
Mutagenic,15,HeavyAtomMolWt,0.023935480209754154
Mutagenic,15,Kappa1,0.025982795234054473
Mutagenic,15,Kappa2,0.02684289998389844
Mutagenic,15,Kappa3,0.03160656481556669
Mutagenic,15,MaxAbsEStateIndex,0.023282911659025612
Mutagenic,15,MaxAbsPartialCharge,0.020496904846994467
Mutagenic,15,MaxEStateIndex,0.025395954694745825
Mutagenic,15,MaxPartialCharge,0.03289053571385803
Mutagenic,15,MinAbsEStateIndex,0.022245930341550448
Mutagenic,15,MinAbsPartialCharge,0.03050165990238958
Mutagenic,15,MinEStateIndex,0.025344065468935216
Mutagenic,15,MinPartialCharge,0.027093496113531734
Mutagenic,15,MolLogP,0.027217913509149275
Mutagenic,15,MolMR,0.027575073924953467
Mutagenic,15,MolWt,0.018289483957867395
Mutagenic,15,NumValenceElectrons,0.013162511383903848
Mutagenic,15,PEOE_VSA14,0.015004330071766473
Mutagenic,15,PEOE_VSA6,0.023261038581790062
Mutagenic,15,SMR_VSA1,0.01804082357923013
Mutagenic,15,SMR_VSA10,0.04530404974341888
Mutagenic,15,SMR_VSA5,0.013221697004577206
Mutagenic,15,SlogP_VSA2,0.026835410506289778
Mutagenic,15,SlogP_VSA3,0.0465241674444765
Mutagenic,15,VSA_EState1,0.015269979096028485
Mutagenic,15,VSA_EState4,0.02575675735729494
Mutagenic,15,VSA_EState5,0.023550344072191875
Mutagenic,15,VSA_EState7,0.018481651648884732
Mutagenic,15,VSA_EState8,0.014515016643413396
Mutagenic,16,BalabanJ,0.022474599612741886
Mutagenic,16,BertzCT,0.02306776601813737
Mutagenic,16,Chi0n,0.014202177375602613
Mutagenic,16,Chi0v,0.0257900412029069
Mutagenic,16,Chi1,0.010164297152807615
Mutagenic,16,Chi1n,0.010823443295898709
Mutagenic,16,Chi1v,0.014216022575431293
Mutagenic,16,Chi2n,0.014771941730573763
Mutagenic,16,Chi2v,0.01935272886658109
Mutagenic,16,Chi3n,0.01076544255633277
Mutagenic,16,Chi3v,0.016544418792510045
Mutagenic,16,Chi4n,0.019394253114705707
Mutagenic,16,EState_VSA2,0.015320218950612748
Mutagenic,16,EState_VSA8,0.01690353880348898
Mutagenic,16,EState_VSA9,0.031152312012121264
Mutagenic,16,HallKierAlpha,0.027405756823140594
Mutagenic,16,HeavyAtomMolWt,0.0280272114970028
Mutagenic,16,Kappa1,0.031749987175043355
Mutagenic,16,Kappa2,0.028908391536862817
Mutagenic,16,Kappa3,0.0328957121631533
Mutagenic,16,MaxAbsEStateIndex,0.021387669706337775
Mutagenic,16,MaxAbsPartialCharge,0.022545724832373437
Mutagenic,16,MaxEStateIndex,0.02066814785446758
Mutagenic,16,MaxPartialCharge,0.028701865315541385
Mutagenic,16,MinAbsEStateIndex,0.020967024050234748
Mutagenic,16,MinAbsPartialCharge,0.024749420065197678
Mutagenic,16,MinEStateIndex,0.028059838875326683
Mutagenic,16,MinPartialCharge,0.027256414617565294
Mutagenic,16,MolLogP,0.029247982782034315
Mutagenic,16,MolMR,0.0227950815622853
Mutagenic,16,MolWt,0.028740011378556817
Mutagenic,16,PEOE_VSA6,0.0179361072204951
Mutagenic,16,SMR_VSA1,0.023210905864214138
Mutagenic,16,SMR_VSA10,0.049387148200809194
Mutagenic,16,SlogP_VSA2,0.03151332644687732
Mutagenic,16,SlogP_VSA3,0.05854962183975772
Mutagenic,16,TPSA,0.0162719621470504
Mutagenic,16,VSA_EState1,0.016082957918522645
Mutagenic,16,VSA_EState10,0.009103424782566658
Mutagenic,16,VSA_EState4,0.029758335794385873
Mutagenic,16,VSA_EState5,0.023053409218031604
Mutagenic,16,VSA_EState7,0.01994579417656904
Mutagenic,16,VSA_EState8,0.016137564095143622
Mutagenic,17,BalabanJ,0.023781561828227573
Mutagenic,17,BertzCT,0.0219872897791985
Mutagenic,17,Chi0n,0.016627308427794488
Mutagenic,17,Chi0v,0.029076896918407213
Mutagenic,17,Chi1,0.009818705730636425
Mutagenic,17,Chi1n,0.019048277926633782
Mutagenic,17,Chi1v,0.016400546841150845
Mutagenic,17,Chi2n,0.026310933086169355
Mutagenic,17,Chi2v,0.020945041465248747
Mutagenic,17,Chi3n,0.018138357199357972
Mutagenic,17,Chi3v,0.016227390140973064
Mutagenic,17,Chi4n,0.014796148756840382
Mutagenic,17,Chi4v,0.013296703451617908
Mutagenic,17,EState_VSA2,0.01498508284160636
Mutagenic,17,HallKierAlpha,0.026836447755100846
Mutagenic,17,HeavyAtomMolWt,0.018351586735126945
Mutagenic,17,Kappa1,0.036761963041827446
Mutagenic,17,Kappa2,0.027184927046632605
Mutagenic,17,Kappa3,0.03179708433278646
Mutagenic,17,MaxAbsEStateIndex,0.02415935213243402
Mutagenic,17,MaxAbsPartialCharge,0.023271898024410684
Mutagenic,17,MaxEStateIndex,0.021014862576242792
Mutagenic,17,MaxPartialCharge,0.029143109689332126
Mutagenic,17,MinAbsEStateIndex,0.026800459606520572
Mutagenic,17,MinAbsPartialCharge,0.026274011100925816
Mutagenic,17,MinEStateIndex,0.023406743769228442
Mutagenic,17,MinPartialCharge,0.02317814815218755
Mutagenic,17,MolLogP,0.023702067217754096
Mutagenic,17,MolMR,0.03838651784732317
Mutagenic,17,MolWt,0.01956406422121827
Mutagenic,17,PEOE_VSA1,0.015346491283462015
Mutagenic,17,PEOE_VSA14,0.012231834520706758
Mutagenic,17,PEOE_VSA6,0.020299715195389385
Mutagenic,17,PEOE_VSA9,0.0152612967277982
Mutagenic,17,SMR_VSA1,0.01887974124714087
Mutagenic,17,SMR_VSA10,0.04208609049712485
Mutagenic,17,SMR_VSA7,0.01580516390708003
Mutagenic,17,SlogP_VSA2,0.02412054892209182
Mutagenic,17,SlogP_VSA3,0.0622403218926289
Mutagenic,17,SlogP_VSA5,0.011041496017903302
Mutagenic,17,VSA_EState1,0.016187119264312884
Mutagenic,17,VSA_EState10,0.01004833235569308
Mutagenic,17,VSA_EState5,0.02318285664331413
Mutagenic,17,VSA_EState7,0.0181133345581399
Mutagenic,17,VSA_EState8,0.013882169324299374
Mutagenic,18,BalabanJ,0.023919763994254106
Mutagenic,18,BertzCT,0.026219644328389472
Mutagenic,18,Chi0,0.009063138961956364
Mutagenic,18,Chi0n,0.016074581213589612
Mutagenic,18,Chi0v,0.027591179803769433
Mutagenic,18,Chi1,0.01195458271592467
Mutagenic,18,Chi1n,0.011928199901791708
Mutagenic,18,Chi1v,0.01667960797332013
Mutagenic,18,Chi2n,0.01341106918216243
Mutagenic,18,Chi2v,0.021564488827378908
Mutagenic,18,Chi3n,0.012991923165612566
Mutagenic,18,Chi3v,0.014093362971503385
Mutagenic,18,Chi4n,0.015092342824625054
Mutagenic,18,Chi4v,0.017311991789414338
Mutagenic,18,EState_VSA5,0.011590676255725975
Mutagenic,18,EState_VSA9,0.027969927860775148
Mutagenic,18,HallKierAlpha,0.0276687848289025
Mutagenic,18,HeavyAtomMolWt,0.03232774288306833
Mutagenic,18,Kappa1,0.03559360936680621
Mutagenic,18,Kappa2,0.03327425588611478
Mutagenic,18,Kappa3,0.028857115614755628
Mutagenic,18,MaxAbsEStateIndex,0.02554509461181749
Mutagenic,18,MaxAbsPartialCharge,0.026366100423434093
Mutagenic,18,MaxEStateIndex,0.02964883105836637
Mutagenic,18,MaxPartialCharge,0.027183074714824187
Mutagenic,18,MinAbsEStateIndex,0.02558975680136336
Mutagenic,18,MinAbsPartialCharge,0.02728200803581273
Mutagenic,18,MinEStateIndex,0.026017229690165667
Mutagenic,18,MinPartialCharge,0.02956286193591937
Mutagenic,18,MolLogP,0.029707926320521195
Mutagenic,18,MolMR,0.024636902841746012
Mutagenic,18,MolWt,0.024739342680339192
Mutagenic,18,NumHeteroatoms,0.013430227538968149
Mutagenic,18,NumValenceElectrons,0.010612140989820773
Mutagenic,18,PEOE_VSA6,0.02413412162410255
Mutagenic,18,SMR_VSA1,0.02069781751872085
Mutagenic,18,SMR_VSA10,0.05094969193088488
Mutagenic,18,SMR_VSA5,0.015057720523548902
Mutagenic,18,SlogP_VSA2,0.029216351337848775
Mutagenic,18,SlogP_VSA3,0.06014487243065872
Mutagenic,18,VSA_EState1,0.013473775987720931
Mutagenic,18,VSA_EState4,0.030826160653574988
Mutagenic,19,BalabanJ,0.022910577780770998
Mutagenic,19,BertzCT,0.02416414907430583
Mutagenic,19,Chi0n,0.016480876624237858
Mutagenic,19,Chi0v,0.01921918478231297
Mutagenic,19,Chi1,0.014249709796871552
Mutagenic,19,Chi1n,0.011448856757214907
Mutagenic,19,Chi1v,0.017737015555749316
Mutagenic,19,Chi2n,0.015805482563787655
Mutagenic,19,Chi2v,0.017466910204214002
Mutagenic,19,Chi3v,0.019736540597041198
Mutagenic,19,Chi4n,0.01615484653621527
Mutagenic,19,EState_VSA2,0.017835661431608914
Mutagenic,19,EState_VSA9,0.021357091647454824
Mutagenic,19,HallKierAlpha,0.02440068118454754
Mutagenic,19,HeavyAtomMolWt,0.027219968588508513
Mutagenic,19,Kappa1,0.03188840910264759
Mutagenic,19,Kappa2,0.029218131286303
Mutagenic,19,Kappa3,0.02824014234382526
Mutagenic,19,MaxAbsEStateIndex,0.020631590192188284
Mutagenic,19,MaxAbsPartialCharge,0.01641529259793075
Mutagenic,19,MaxEStateIndex,0.022467454508010323
Mutagenic,19,MaxPartialCharge,0.023694450117192067
Mutagenic,19,MinAbsEStateIndex,0.02222646069171673
Mutagenic,19,MinAbsPartialCharge,0.0236017698549295
Mutagenic,19,MinEStateIndex,0.02528169569994305
Mutagenic,19,MinPartialCharge,0.034418936157809984
Mutagenic,19,MolLogP,0.026283686250855812
Mutagenic,19,MolMR,0.0205851544328106
Mutagenic,19,MolWt,0.025608266808387695
Mutagenic,19,NumHeteroatoms,0.011302375243860116
Mutagenic,19,NumValenceElectrons,0.01439812329548207
Mutagenic,19,PEOE_VSA6,0.018066423021113418
Mutagenic,19,PEOE_VSA7,0.014980311604602742
Mutagenic,19,PEOE_VSA9,0.017007569771998497
Mutagenic,19,SMR_VSA1,0.021625810967488557
Mutagenic,19,SMR_VSA10,0.03884291864893973
Mutagenic,19,SMR_VSA5,0.011414617743289576
Mutagenic,19,SMR_VSA7,0.01710263213566477
Mutagenic,19,SlogP_VSA2,0.027348304349713855
Mutagenic,19,SlogP_VSA3,0.06382996528142534
Mutagenic,19,SlogP_VSA5,0.008193365910327132
Mutagenic,19,TPSA,0.018022612680237048
Mutagenic,19,VSA_EState1,0.01347442980959929
Mutagenic,19,VSA_EState10,0.007969185607178093
Mutagenic,19,VSA_EState5,0.027845465536363464
Mutagenic,19,VSA_EState7,0.01660145880084975
Mutagenic,19,VSA_EState8,0.015225436422474497
Mutagenic,20,BalabanJ,0.018245384517985862
Mutagenic,20,BertzCT,0.021882289239653734
Mutagenic,20,Chi0,0.008615449626770955
Mutagenic,20,Chi0n,0.013495957578121949
Mutagenic,20,Chi0v,0.025880948743926657
Mutagenic,20,Chi1,0.00870019066213194
Mutagenic,20,Chi1n,0.013702655773567248
Mutagenic,20,Chi1v,0.015501248735451218
Mutagenic,20,Chi2n,0.02366832336060612
Mutagenic,20,Chi2v,0.02321946417888601
Mutagenic,20,Chi3n,0.012091487735414456
Mutagenic,20,Chi3v,0.01616632175005762
Mutagenic,20,Chi4n,0.02049194293864275
Mutagenic,20,Chi4v,0.011538249367152907
Mutagenic,20,EState_VSA2,0.018704727404872612
Mutagenic,20,EState_VSA6,0.013314994865113712
Mutagenic,20,EState_VSA8,0.01680867106176242
Mutagenic,20,EState_VSA9,0.024541705264398354
Mutagenic,20,HallKierAlpha,0.023051572581017313
Mutagenic,20,HeavyAtomMolWt,0.027045549823955347
Mutagenic,20,Kappa1,0.026543979653316844
Mutagenic,20,Kappa2,0.028846274172592622
Mutagenic,20,Kappa3,0.027711626977960535
Mutagenic,20,MaxAbsEStateIndex,0.020679250366352844
Mutagenic,20,MaxAbsPartialCharge,0.01994542450638804
Mutagenic,20,MaxEStateIndex,0.021593582614294584
Mutagenic,20,MaxPartialCharge,0.02890996340241006
Mutagenic,20,MinAbsEStateIndex,0.019158268176332684
Mutagenic,20,MinAbsPartialCharge,0.02827418049203207
Mutagenic,20,MinEStateIndex,0.021074874300180405
Mutagenic,20,MinPartialCharge,0.0308713737499842
Mutagenic,20,MolLogP,0.03171920118569035
Mutagenic,20,MolMR,0.016902079647210386
Mutagenic,20,MolWt,0.02110204032528868
Mutagenic,20,NumValenceElectrons,0.011932794433909294
Mutagenic,20,PEOE_VSA6,0.019527858004333418
Mutagenic,20,PEOE_VSA9,0.01337538892440883
Mutagenic,20,SMR_VSA1,0.015203653189230745
Mutagenic,20,SMR_VSA10,0.038880691265091395
Mutagenic,20,SMR_VSA7,0.019140068859994586
Mutagenic,20,SlogP_VSA2,0.025850970446154836
Mutagenic,20,SlogP_VSA3,0.06501232846907057
Mutagenic,20,TPSA,0.015249672840603563
Mutagenic,20,VSA_EState1,0.014306789467242923
Mutagenic,20,VSA_EState10,0.00961367346716846
Mutagenic,20,VSA_EState5,0.023257307743559632
Mutagenic,20,VSA_EState7,0.014981890057278723
Mutagenic,20,VSA_EState8,0.013667658052429605
Mutagenic,21,BalabanJ,0.02375698280106625
Mutagenic,21,BertzCT,0.024782889730852495
Mutagenic,21,Chi0,0.008727521447367888
Mutagenic,21,Chi0n,0.01641030981894877
Mutagenic,21,Chi0v,0.023152695575031093
Mutagenic,21,Chi1,0.00916159239909932
Mutagenic,21,Chi1n,0.01228777645949081
Mutagenic,21,Chi1v,0.014490776817422998
Mutagenic,21,Chi2n,0.017556546820591393
Mutagenic,21,Chi2v,0.021887167817120225
Mutagenic,21,Chi3n,0.01763689873070906
Mutagenic,21,Chi4n,0.014700716905461021
Mutagenic,21,EState_VSA2,0.013894213981255007
Mutagenic,21,EState_VSA5,0.010533662454454546
Mutagenic,21,EState_VSA9,0.026902973064717242
Mutagenic,21,HallKierAlpha,0.02762708493479823
Mutagenic,21,HeavyAtomMolWt,0.02894712016558052
Mutagenic,21,Kappa1,0.03158897670646527
Mutagenic,21,Kappa2,0.03057510929543308
Mutagenic,21,Kappa3,0.03682240297804669
Mutagenic,21,MaxAbsEStateIndex,0.021196960354976077
Mutagenic,21,MaxAbsPartialCharge,0.020257113406620786
Mutagenic,21,MaxEStateIndex,0.018031917124468607
Mutagenic,21,MaxPartialCharge,0.024718782666796765
Mutagenic,21,MinAbsEStateIndex,0.025490980559554243
Mutagenic,21,MinAbsPartialCharge,0.028100025745059255
Mutagenic,21,MinEStateIndex,0.027425255855207303
Mutagenic,21,MinPartialCharge,0.03515229856318764
Mutagenic,21,MolLogP,0.03021006364618713
Mutagenic,21,MolMR,0.02197855358189336
Mutagenic,21,MolWt,0.01796521796375034
Mutagenic,21,NumValenceElectrons,0.011174382338160021
Mutagenic,21,PEOE_VSA6,0.015545248769433829
Mutagenic,21,SMR_VSA1,0.021247947825955443
Mutagenic,21,SMR_VSA10,0.049055190727605905
Mutagenic,21,SlogP_VSA2,0.02506422577849439
Mutagenic,21,SlogP_VSA3,0.06424038825145847
Mutagenic,21,TPSA,0.017367161087031877
Mutagenic,21,VSA_EState10,0.014382873232482357
Mutagenic,21,VSA_EState4,0.04014097027065147
Mutagenic,21,VSA_EState5,0.025123845500338228
Mutagenic,21,VSA_EState7,0.018260794454607203
Mutagenic,21,VSA_EState8,0.0164263833921675
Mutagenic,22,BalabanJ,0.026148298342219812
Mutagenic,22,BertzCT,0.022824519369198708
Mutagenic,22,Chi0n,0.01805218201814226
Mutagenic,22,Chi0v,0.017438697372703805
Mutagenic,22,Chi1,0.011880565129935804
Mutagenic,22,Chi1n,0.014383107050333943
Mutagenic,22,Chi1v,0.01993246618649666
Mutagenic,22,Chi2n,0.021307009163518787
Mutagenic,22,Chi2v,0.018288016997297686
Mutagenic,22,Chi3n,0.017556603013358412
Mutagenic,22,Chi3v,0.0177423320633014
Mutagenic,22,Chi4n,0.020046841358681164
Mutagenic,22,EState_VSA2,0.011457140749404524
Mutagenic,22,EState_VSA9,0.0268700642661127
Mutagenic,22,HallKierAlpha,0.02957039271604846
Mutagenic,22,HeavyAtomMolWt,0.026089221042287405
Mutagenic,22,Kappa1,0.02817933648127958
Mutagenic,22,Kappa2,0.03086348367786766
Mutagenic,22,Kappa3,0.03305202695174172
Mutagenic,22,MaxAbsEStateIndex,0.022635582218865316
Mutagenic,22,MaxAbsPartialCharge,0.030403946096218708
Mutagenic,22,MaxEStateIndex,0.023796287303931594
Mutagenic,22,MaxPartialCharge,0.029566137258932163
Mutagenic,22,MinAbsEStateIndex,0.025024876099858262
Mutagenic,22,MinAbsPartialCharge,0.02488943977847614
Mutagenic,22,MinEStateIndex,0.032371989077815605
Mutagenic,22,MinPartialCharge,0.030193532876754182
Mutagenic,22,MolLogP,0.02943141539371034
Mutagenic,22,MolMR,0.030513013772627783
Mutagenic,22,MolWt,0.02073746362166828
Mutagenic,22,NumValenceElectrons,0.010801477892932948
Mutagenic,22,PEOE_VSA1,0.010799099622022015
Mutagenic,22,PEOE_VSA6,0.02513034278170539
Mutagenic,22,SMR_VSA1,0.019732624638676016
Mutagenic,22,SMR_VSA10,0.0693213580049788
Mutagenic,22,SMR_VSA7,0.01614260809434731
Mutagenic,22,SlogP_VSA2,0.026620945986940786
Mutagenic,22,SlogP_VSA3,0.04797918798204187
Mutagenic,22,VSA_EState1,0.014722034656054291
Mutagenic,22,VSA_EState10,0.010332943685122815
Mutagenic,22,VSA_EState5,0.02157474311143173
Mutagenic,22,VSA_EState7,0.0155966460949573
Mutagenic,23,BalabanJ,0.023354729614356532
Mutagenic,23,BertzCT,0.02630089561583403
Mutagenic,23,Chi0,0.006125441904370752
Mutagenic,23,Chi0n,0.012307307604495533
Mutagenic,23,Chi0v,0.024451732683454967
Mutagenic,23,Chi1n,0.013250637564001074
Mutagenic,23,Chi1v,0.013706219340095195
Mutagenic,23,Chi2n,0.013838552684958049
Mutagenic,23,Chi2v,0.015881125226898475
Mutagenic,23,Chi3v,0.017897753670524496
Mutagenic,23,Chi4n,0.015681365989136692
Mutagenic,23,EState_VSA2,0.016228600814699207
Mutagenic,23,EState_VSA9,0.025843921331749776
Mutagenic,23,HallKierAlpha,0.03666491259782796
Mutagenic,23,HeavyAtomMolWt,0.02720014382681945
Mutagenic,23,Kappa1,0.03748607510006682
Mutagenic,23,Kappa2,0.029762467164623715
Mutagenic,23,Kappa3,0.029095902857388316
Mutagenic,23,MaxAbsEStateIndex,0.026395810369526818
Mutagenic,23,MaxAbsPartialCharge,0.026725787477590694
Mutagenic,23,MaxEStateIndex,0.02654956799917507
Mutagenic,23,MaxPartialCharge,0.027118200507511372
Mutagenic,23,MinAbsEStateIndex,0.028656372169315127
Mutagenic,23,MinAbsPartialCharge,0.02493298742647126
Mutagenic,23,MinEStateIndex,0.02770960988932343
Mutagenic,23,MinPartialCharge,0.03166177648164198
Mutagenic,23,MolLogP,0.02327210467374134
Mutagenic,23,MolMR,0.018659067277824667
Mutagenic,23,MolWt,0.02398017400127008
Mutagenic,23,NumHeteroatoms,0.012865884689297152
Mutagenic,23,NumValenceElectrons,0.01128562814152575
Mutagenic,23,PEOE_VSA1,0.01348353056576197
Mutagenic,23,PEOE_VSA6,0.01869784453841158
Mutagenic,23,SMR_VSA1,0.021095191063512434
Mutagenic,23,SMR_VSA10,0.04387799585007057
Mutagenic,23,SlogP_VSA2,0.03218135498530139
Mutagenic,23,SlogP_VSA3,0.06820138408725618
Mutagenic,23,VSA_EState1,0.015558649180581325
Mutagenic,23,VSA_EState10,0.011072459778321221
Mutagenic,23,VSA_EState4,0.0329693827550453
Mutagenic,23,VSA_EState5,0.02730134413652818
Mutagenic,23,VSA_EState7,0.02067010636369413
Mutagenic,24,BalabanJ,0.02162860236515335
Mutagenic,24,BertzCT,0.022306838281348187
Mutagenic,24,Chi0,0.008670957329063218
Mutagenic,24,Chi0n,0.014064382673546687
Mutagenic,24,Chi0v,0.040235652861038404
Mutagenic,24,Chi1n,0.01490331538634247
Mutagenic,24,Chi1v,0.01668635448431793
Mutagenic,24,Chi2n,0.015628091007762638
Mutagenic,24,Chi2v,0.021704100297458208
Mutagenic,24,Chi3n,0.018397495476545348
Mutagenic,24,Chi3v,0.01398578833271505
Mutagenic,24,Chi4n,0.015289031906311484
Mutagenic,24,Chi4v,0.011287176761868712
Mutagenic,24,EState_VSA8,0.019384314445892177
Mutagenic,24,EState_VSA9,0.018313287418979907
Mutagenic,24,HallKierAlpha,0.025367291969984548
Mutagenic,24,HeavyAtomMolWt,0.02875247412285942
Mutagenic,24,Kappa1,0.027312082261561788
Mutagenic,24,Kappa2,0.02553802135697651
Mutagenic,24,Kappa3,0.026528618200988768
Mutagenic,24,MaxAbsEStateIndex,0.028560570871977317
Mutagenic,24,MaxAbsPartialCharge,0.018375871448260767
Mutagenic,24,MaxEStateIndex,0.0232754212547555
Mutagenic,24,MaxPartialCharge,0.030855203545177668
Mutagenic,24,MinAbsEStateIndex,0.02618099222371099
Mutagenic,24,MinAbsPartialCharge,0.024016416844538632
Mutagenic,24,MinEStateIndex,0.02638157936779186
Mutagenic,24,MinPartialCharge,0.02612452824745659
Mutagenic,24,MolLogP,0.029069499411297977
Mutagenic,24,MolMR,0.019994355865866936
Mutagenic,24,MolWt,0.027548112721992604
Mutagenic,24,NumValenceElectrons,0.01043862293535473
Mutagenic,24,PEOE_VSA6,0.024212319819140612
Mutagenic,24,PEOE_VSA9,0.01890832137948192
Mutagenic,24,SMR_VSA1,0.01756310339747264
Mutagenic,24,SMR_VSA10,0.040188003533655293
Mutagenic,24,SMR_VSA5,0.01161268889296169
Mutagenic,24,SlogP_VSA2,0.02822663889177596
Mutagenic,24,SlogP_VSA3,0.05319655742777521
Mutagenic,24,SlogP_VSA5,0.010630835865714857
Mutagenic,24,TPSA,0.01456638005318621
Mutagenic,24,VSA_EState1,0.013782297373080812
Mutagenic,24,VSA_EState10,0.010151977151392697
Mutagenic,24,VSA_EState2,0.014160248381701908
Mutagenic,24,VSA_EState5,0.026520890859288417
Mutagenic,24,VSA_EState7,0.019474685294475345
Mutagenic,25,BalabanJ,0.020374786067445257
Mutagenic,25,BertzCT,0.017390061407666677
Mutagenic,25,Chi0,0.008868874831889926
Mutagenic,25,Chi0n,0.013681473823246103
Mutagenic,25,Chi0v,0.02345683334847131
Mutagenic,25,Chi1,0.011157229349402548
Mutagenic,25,Chi1n,0.018186596516282884
Mutagenic,25,Chi1v,0.017786826029567732
Mutagenic,25,Chi2n,0.01071512777280775
Mutagenic,25,Chi2v,0.016961389409112505
Mutagenic,25,Chi3v,0.017803965808858124
Mutagenic,25,EState_VSA2,0.016843018529180635
Mutagenic,25,EState_VSA5,0.008454480384162619
Mutagenic,25,EState_VSA6,0.014519865507397813
Mutagenic,25,EState_VSA9,0.0198500391427097
Mutagenic,25,HallKierAlpha,0.029353495525169655
Mutagenic,25,HeavyAtomMolWt,0.029385997170696426
Mutagenic,25,Kappa1,0.03541431308718265
Mutagenic,25,Kappa2,0.029163282588447425
Mutagenic,25,Kappa3,0.029391126576695927
Mutagenic,25,MaxAbsEStateIndex,0.021328714299663522
Mutagenic,25,MaxAbsPartialCharge,0.02204115026141077
Mutagenic,25,MaxEStateIndex,0.020723524223535468
Mutagenic,25,MaxPartialCharge,0.029453746380463736
Mutagenic,25,MinAbsEStateIndex,0.023606786483097383
Mutagenic,25,MinAbsPartialCharge,0.02424591113786954
Mutagenic,25,MinEStateIndex,0.025745327211795052
Mutagenic,25,MinPartialCharge,0.024808440932308086
Mutagenic,25,MolLogP,0.02661578052739718
Mutagenic,25,MolMR,0.028283794592021832
Mutagenic,25,MolWt,0.024891811348373125
Mutagenic,25,NumValenceElectrons,0.01189202008503884
Mutagenic,25,PEOE_VSA1,0.013144145785493545
Mutagenic,25,PEOE_VSA6,0.021888653849953796
Mutagenic,25,PEOE_VSA9,0.01441686526809362
Mutagenic,25,SMR_VSA1,0.017413365993190377
Mutagenic,25,SMR_VSA10,0.035275414672160305
Mutagenic,25,SlogP_VSA2,0.028041413721260837
Mutagenic,25,SlogP_VSA3,0.05510915755549838
Mutagenic,25,SlogP_VSA5,0.011675995781129782
Mutagenic,25,TPSA,0.014572755048780047
Mutagenic,25,VSA_EState1,0.014740947651176475
Mutagenic,25,VSA_EState4,0.03645680787500311
Mutagenic,25,VSA_EState5,0.028357861965560692
Mutagenic,25,VSA_EState7,0.021729599017940894
Mutagenic,25,VSA_EState8,0.014781225455389851
Mutagenic,26,BalabanJ,0.022613308090451357
Mutagenic,26,BertzCT,0.023287104073410024
Mutagenic,26,Chi0,0.008230842383115914
Mutagenic,26,Chi0n,0.012536816334022953
Mutagenic,26,Chi0v,0.022010305589676826
Mutagenic,26,Chi1n,0.019922994936727344
Mutagenic,26,Chi1v,0.012920774433766172
Mutagenic,26,Chi2n,0.021362265899214472
Mutagenic,26,Chi2v,0.024899041609717152
Mutagenic,26,Chi3n,0.022615443632508038
Mutagenic,26,Chi3v,0.021596851825155174
Mutagenic,26,EState_VSA2,0.010589910379349345
Mutagenic,26,EState_VSA9,0.021568323955532025
Mutagenic,26,HallKierAlpha,0.027557277327755595
Mutagenic,26,HeavyAtomMolWt,0.021464416582015762
Mutagenic,26,Kappa1,0.028934024126918794
Mutagenic,26,Kappa2,0.028042550788894484
Mutagenic,26,Kappa3,0.028462632563719295
Mutagenic,26,MaxAbsEStateIndex,0.021030347574013265
Mutagenic,26,MaxAbsPartialCharge,0.020669242996349285
Mutagenic,26,MaxEStateIndex,0.023745126917777908
Mutagenic,26,MaxPartialCharge,0.034484102921211034
Mutagenic,26,MinAbsEStateIndex,0.01614430068543118
Mutagenic,26,MinAbsPartialCharge,0.026738766753776094
Mutagenic,26,MinEStateIndex,0.028543523788789237
Mutagenic,26,MinPartialCharge,0.024917422694260175
Mutagenic,26,MolLogP,0.025095805699895387
Mutagenic,26,MolMR,0.03280303511626786
Mutagenic,26,MolWt,0.02556620804563248
Mutagenic,26,NumHeteroatoms,0.012769835237869733
Mutagenic,26,NumValenceElectrons,0.012734346722637532
Mutagenic,26,PEOE_VSA1,0.012811312938265202
Mutagenic,26,PEOE_VSA14,0.015057021864825732
Mutagenic,26,PEOE_VSA6,0.019320940168191036
Mutagenic,26,SMR_VSA1,0.019067225642656976
Mutagenic,26,SMR_VSA10,0.07525561224091994
Mutagenic,26,SMR_VSA5,0.012351743876754001
Mutagenic,26,SlogP_VSA2,0.03191205954027561
Mutagenic,26,SlogP_VSA3,0.04804105188179541
Mutagenic,26,VSA_EState10,0.010744706806406597
Mutagenic,26,VSA_EState5,0.027557698890296346
Mutagenic,26,VSA_EState7,0.024736164870612528
Mutagenic,26,VSA_EState8,0.019287511593138813
Mutagenic,27,BalabanJ,0.025394276701695907
Mutagenic,27,BertzCT,0.021183141788126598
Mutagenic,27,Chi0n,0.015603875331443902
Mutagenic,27,Chi0v,0.02782358987402798
Mutagenic,27,Chi1,0.015972297298760162
Mutagenic,27,Chi1n,0.015793795894219555
Mutagenic,27,Chi1v,0.012819138408300278
Mutagenic,27,Chi2n,0.018022927676485667
Mutagenic,27,Chi2v,0.020677208582171255
Mutagenic,27,Chi3n,0.02080852101850128
Mutagenic,27,Chi4n,0.02654962007585392
Mutagenic,27,EState_VSA2,0.015585732259862794
Mutagenic,27,EState_VSA9,0.017154512364504316
Mutagenic,27,HallKierAlpha,0.021724921725699904
Mutagenic,27,HeavyAtomCount,0.004716856765109614
Mutagenic,27,HeavyAtomMolWt,0.02626751663190657
Mutagenic,27,Kappa1,0.031939510316311634
Mutagenic,27,Kappa2,0.028988065022697723
Mutagenic,27,Kappa3,0.0346626589523039
Mutagenic,27,MaxAbsEStateIndex,0.019549030305647985
Mutagenic,27,MaxAbsPartialCharge,0.017465280381887695
Mutagenic,27,MaxEStateIndex,0.015794756097754076
Mutagenic,27,MaxPartialCharge,0.02552377195870048
Mutagenic,27,MinAbsEStateIndex,0.02525785218350215
Mutagenic,27,MinAbsPartialCharge,0.01912213869745454
Mutagenic,27,MinEStateIndex,0.024962548622057854
Mutagenic,27,MinPartialCharge,0.02796937820074889
Mutagenic,27,MolLogP,0.030124437412499976
Mutagenic,27,MolMR,0.03052737008793319
Mutagenic,27,MolWt,0.026470750604423245
Mutagenic,27,NumValenceElectrons,0.009851714110259776
Mutagenic,27,PEOE_VSA6,0.014909758428519316
Mutagenic,27,SMR_VSA1,0.016992107644356227
Mutagenic,27,SMR_VSA10,0.04522463838574664
Mutagenic,27,SlogP_VSA2,0.04520197957651036
Mutagenic,27,SlogP_VSA3,0.059748549186155714
Mutagenic,27,SlogP_VSA6,0.022406534377003347
Mutagenic,27,VSA_EState1,0.010315625193953275
Mutagenic,27,VSA_EState2,0.01877627404827861
Mutagenic,27,VSA_EState3,0.01273618211622075
Mutagenic,27,VSA_EState4,0.022277231085340285
Mutagenic,27,VSA_EState5,0.023766604122854525
Mutagenic,27,VSA_EState7,0.015263916559948217
Mutagenic,27,VSA_EState8,0.018073403924259886
Mutagenic,28,BalabanJ,0.02614190197685771
Mutagenic,28,BertzCT,0.020627440295138105
Mutagenic,28,Chi0,0.008434639982976817
Mutagenic,28,Chi0n,0.016016508309323847
Mutagenic,28,Chi0v,0.032324767152184956
Mutagenic,28,Chi1,0.010734054989254173
Mutagenic,28,Chi1n,0.015514193854333313
Mutagenic,28,Chi1v,0.01681081155944463
Mutagenic,28,Chi2n,0.015399041442731264
Mutagenic,28,Chi2v,0.017412397224559225
Mutagenic,28,Chi3n,0.010250110699661103
Mutagenic,28,Chi4n,0.013635630046546266
Mutagenic,28,Chi4v,0.012979637616805905
Mutagenic,28,EState_VSA2,0.022969151862996237
Mutagenic,28,EState_VSA9,0.029355415386248793
Mutagenic,28,HallKierAlpha,0.027080592455817728
Mutagenic,28,HeavyAtomCount,0.004111630081634491
Mutagenic,28,HeavyAtomMolWt,0.023160148604098242
Mutagenic,28,Kappa1,0.025626427809599527
Mutagenic,28,Kappa2,0.02995323989654924
Mutagenic,28,Kappa3,0.029335294091729
Mutagenic,28,MaxAbsEStateIndex,0.023861666523309396
Mutagenic,28,MaxAbsPartialCharge,0.018235737214130843
Mutagenic,28,MaxEStateIndex,0.023583510473161536
Mutagenic,28,MaxPartialCharge,0.03675596169009007
Mutagenic,28,MinAbsEStateIndex,0.023055308435993526
Mutagenic,28,MinAbsPartialCharge,0.02587693882059753
Mutagenic,28,MinEStateIndex,0.02371972549629171
Mutagenic,28,MinPartialCharge,0.021522668974152667
Mutagenic,28,MolLogP,0.02438006207266385
Mutagenic,28,MolMR,0.026105881887318903
Mutagenic,28,MolWt,0.02109716203810763
Mutagenic,28,NumHeteroatoms,0.015400232866961764
Mutagenic,28,NumValenceElectrons,0.008545048617176056
Mutagenic,28,PEOE_VSA1,0.013479142825475377
Mutagenic,28,PEOE_VSA6,0.017182955059163396
Mutagenic,28,PEOE_VSA7,0.013964932817190382
Mutagenic,28,SMR_VSA1,0.024277111715658547
Mutagenic,28,SMR_VSA10,0.047697847249322196
Mutagenic,28,SMR_VSA5,0.011624898639545508
Mutagenic,28,SlogP_VSA2,0.03264234667271526
Mutagenic,28,SlogP_VSA3,0.056965895054066906
Mutagenic,28,SlogP_VSA5,0.012897249427334211
Mutagenic,28,VSA_EState1,0.011868721598188327
Mutagenic,28,VSA_EState10,0.010359981392269258
Mutagenic,28,VSA_EState5,0.01981572565939553
Mutagenic,28,VSA_EState7,0.013465911953074465
Mutagenic,28,VSA_EState8,0.013744339488154506
Mutagenic,29,BalabanJ,0.017958224044011886
Mutagenic,29,BertzCT,0.0178493866302749
Mutagenic,29,Chi0,0.009577208474635116
Mutagenic,29,Chi0n,0.01900491533402388
Mutagenic,29,Chi0v,0.02656848407036466
Mutagenic,29,Chi1n,0.011029611144107793
Mutagenic,29,Chi1v,0.01496115217678358
Mutagenic,29,Chi2n,0.018049781173140298
Mutagenic,29,Chi2v,0.020377108625879412
Mutagenic,29,Chi3n,0.009203042399540874
Mutagenic,29,Chi3v,0.014839233664962712
Mutagenic,29,Chi4n,0.015282462840139139
Mutagenic,29,EState_VSA2,0.011446416380974487
Mutagenic,29,EState_VSA9,0.025858669135611412
Mutagenic,29,HallKierAlpha,0.028238763939085143
Mutagenic,29,HeavyAtomMolWt,0.031818920792867265
Mutagenic,29,Kappa1,0.02881881774144333
Mutagenic,29,Kappa2,0.028448607549662205
Mutagenic,29,Kappa3,0.027974459094081267
Mutagenic,29,MaxAbsEStateIndex,0.023637802149457834
Mutagenic,29,MaxAbsPartialCharge,0.0224114746852255
Mutagenic,29,MaxEStateIndex,0.022351875154462707
Mutagenic,29,MaxPartialCharge,0.029192022113452988
Mutagenic,29,MinAbsEStateIndex,0.027097578877066885
Mutagenic,29,MinAbsPartialCharge,0.021910749194486843
Mutagenic,29,MinEStateIndex,0.02877905049375282
Mutagenic,29,MinPartialCharge,0.03026055131046552
Mutagenic,29,MolLogP,0.02427268174495827
Mutagenic,29,MolMR,0.029800750735649584
Mutagenic,29,MolWt,0.020657962582797732
Mutagenic,29,NumValenceElectrons,0.011133784246292399
Mutagenic,29,PEOE_VSA6,0.023582478821044205
Mutagenic,29,SMR_VSA1,0.013410086507066526
Mutagenic,29,SMR_VSA10,0.07437125371667287
Mutagenic,29,SMR_VSA3,0.011562647498902437
Mutagenic,29,SMR_VSA5,0.016678300392401587
Mutagenic,29,SlogP_VSA2,0.02605847369073508
Mutagenic,29,SlogP_VSA3,0.04883326785284266
Mutagenic,29,VSA_EState1,0.019505562644343884
Mutagenic,29,VSA_EState10,0.010183163539571835
Mutagenic,29,VSA_EState4,0.027058363437356184
Mutagenic,29,VSA_EState5,0.027824132449148452
Mutagenic,29,VSA_EState7,0.015207767855571203
Mutagenic,29,VSA_EState8,0.016912953094684643
Mutagenic,30,BalabanJ,0.022161865350777687
Mutagenic,30,BertzCT,0.021191018226222807
Mutagenic,30,Chi0,0.008156259908173686
Mutagenic,30,Chi0n,0.011713139224316325
Mutagenic,30,Chi0v,0.02370506486509001
Mutagenic,30,Chi1,0.017963724204867592
Mutagenic,30,Chi1n,0.012214306888092644
Mutagenic,30,Chi1v,0.017578555201464955
Mutagenic,30,Chi2n,0.015097715230604306
Mutagenic,30,Chi2v,0.01729813278376741
Mutagenic,30,Chi3n,0.014463580348440131
Mutagenic,30,Chi3v,0.016627136311244305
Mutagenic,30,Chi4n,0.021548104967698222
Mutagenic,30,Chi4v,0.014532901403668351
Mutagenic,30,EState_VSA2,0.013495987664057386
Mutagenic,30,EState_VSA8,0.014571805713896649
Mutagenic,30,EState_VSA9,0.02024828549601868
Mutagenic,30,HallKierAlpha,0.024573603366681976
Mutagenic,30,HeavyAtomMolWt,0.01919689885613781
Mutagenic,30,Kappa1,0.032008924798836776
Mutagenic,30,Kappa2,0.030022247550590624
Mutagenic,30,Kappa3,0.02797276205695665
Mutagenic,30,MaxAbsEStateIndex,0.015751502017923705
Mutagenic,30,MaxAbsPartialCharge,0.018422123691776107
Mutagenic,30,MaxEStateIndex,0.016587758140288466
Mutagenic,30,MaxPartialCharge,0.025173097874417617
Mutagenic,30,MinAbsEStateIndex,0.02476380303732116
Mutagenic,30,MinAbsPartialCharge,0.021853055547254873
Mutagenic,30,MinEStateIndex,0.024032319091850156
Mutagenic,30,MinPartialCharge,0.027950677832264847
Mutagenic,30,MolLogP,0.023804409663622225
Mutagenic,30,MolMR,0.028367299646633218
Mutagenic,30,MolWt,0.02281983426884645
Mutagenic,30,NumValenceElectrons,0.01070681497637922
Mutagenic,30,PEOE_VSA1,0.010829684014732955
Mutagenic,30,PEOE_VSA14,0.011600563006199927
Mutagenic,30,PEOE_VSA6,0.021348765084647645
Mutagenic,30,PEOE_VSA7,0.017543177866033616
Mutagenic,30,SMR_VSA1,0.019772051546509697
Mutagenic,30,SMR_VSA10,0.04556417850530875
Mutagenic,30,SlogP_VSA2,0.035758181579915324
Mutagenic,30,SlogP_VSA3,0.060233263085781724
Mutagenic,30,VSA_EState1,0.01611935530504081
Mutagenic,30,VSA_EState10,0.009624137204762488
Mutagenic,30,VSA_EState2,0.019205147456534392
Mutagenic,30,VSA_EState5,0.024579113372427998
Mutagenic,30,VSA_EState7,0.0186598012354164
Mutagenic,30,VSA_EState8,0.012587864530505213
Mutagenic,31,BalabanJ,0.02368492512450871
Mutagenic,31,BertzCT,0.022424001204627227
Mutagenic,31,Chi0n,0.014288086395970593
Mutagenic,31,Chi0v,0.023399008562845932
Mutagenic,31,Chi1n,0.01661524889659414
Mutagenic,31,Chi1v,0.01671375096385449
Mutagenic,31,Chi2n,0.01871000019697191
Mutagenic,31,Chi2v,0.015419214824910708
Mutagenic,31,Chi3n,0.019615927558338356
Mutagenic,31,Chi3v,0.017849913264076457
Mutagenic,31,Chi4n,0.015553468158370025
Mutagenic,31,Chi4v,0.012512914054080209
Mutagenic,31,EState_VSA2,0.015503490548696715
Mutagenic,31,EState_VSA9,0.03558823598631275
Mutagenic,31,HallKierAlpha,0.023537074837781825
Mutagenic,31,HeavyAtomMolWt,0.024536608792191713
Mutagenic,31,Kappa1,0.028159729190350393
Mutagenic,31,Kappa2,0.029220080963941512
Mutagenic,31,Kappa3,0.03521600658004261
Mutagenic,31,MaxAbsEStateIndex,0.021776617395670064
Mutagenic,31,MaxAbsPartialCharge,0.022842902184443938
Mutagenic,31,MaxEStateIndex,0.019536194625715653
Mutagenic,31,MaxPartialCharge,0.023260607909216486
Mutagenic,31,MinAbsEStateIndex,0.019518924631245597
Mutagenic,31,MinAbsPartialCharge,0.02493633454905533
Mutagenic,31,MinEStateIndex,0.027554785468265876
Mutagenic,31,MinPartialCharge,0.031017615028916902
Mutagenic,31,MolLogP,0.026033776468761476
Mutagenic,31,MolMR,0.029439124124608654
Mutagenic,31,MolWt,0.023985435906574076
Mutagenic,31,NumHeteroatoms,0.008299163120218616
Mutagenic,31,NumValenceElectrons,0.014022924903845203
Mutagenic,31,PEOE_VSA6,0.02497108097968712
Mutagenic,31,SMR_VSA1,0.02132818600062562
Mutagenic,31,SMR_VSA10,0.06328794577695598
Mutagenic,31,SlogP_VSA2,0.024927542012694925
Mutagenic,31,SlogP_VSA3,0.06655621545053532
Mutagenic,31,SlogP_VSA5,0.009540646328783015
Mutagenic,31,VSA_EState10,0.011185937341029241
Mutagenic,31,VSA_EState2,0.017721125530997753
Mutagenic,31,VSA_EState5,0.025018482506911664
Mutagenic,31,VSA_EState7,0.02358567612078218
Mutagenic,31,VSA_EState8,0.01110506952999299
Mutagenic,32,BalabanJ,0.02376961078158023
Mutagenic,32,BertzCT,0.02318918286962878
Mutagenic,32,Chi0n,0.017890579022591706
Mutagenic,32,Chi0v,0.030251739544253836
Mutagenic,32,Chi1,0.0134972787388968
Mutagenic,32,Chi1n,0.013670443494027917
Mutagenic,32,Chi1v,0.010977028070889409
Mutagenic,32,Chi2n,0.01842836992364202
Mutagenic,32,Chi2v,0.020981473120986215
Mutagenic,32,Chi3n,0.016433775676868448
Mutagenic,32,Chi3v,0.011209935118646121
Mutagenic,32,Chi4n,0.015915203982255426
Mutagenic,32,Chi4v,0.012697765538518984
Mutagenic,32,EState_VSA10,0.0076000208781632364
Mutagenic,32,EState_VSA2,0.015040733533661269
Mutagenic,32,EState_VSA9,0.027932896163595997
Mutagenic,32,HallKierAlpha,0.03496897171614909
Mutagenic,32,HeavyAtomMolWt,0.0326812036843073
Mutagenic,32,Kappa1,0.031150609572064798
Mutagenic,32,Kappa2,0.027699124862115218
Mutagenic,32,Kappa3,0.0319450934120717
Mutagenic,32,MaxAbsEStateIndex,0.02465997428291508
Mutagenic,32,MaxAbsPartialCharge,0.02201593396385552
Mutagenic,32,MaxEStateIndex,0.02105681846801213
Mutagenic,32,MaxPartialCharge,0.02942447701793204
Mutagenic,32,MinAbsEStateIndex,0.01862280915534629
Mutagenic,32,MinAbsPartialCharge,0.023891802164058323
Mutagenic,32,MinEStateIndex,0.02353028760918471
Mutagenic,32,MinPartialCharge,0.030358928561847184
Mutagenic,32,MolLogP,0.0247030193444002
Mutagenic,32,MolMR,0.028980712964104982
Mutagenic,32,MolWt,0.022090353335259136
Mutagenic,32,NumHeteroatoms,0.012475400723995115
Mutagenic,32,PEOE_VSA6,0.019071663573691118
Mutagenic,32,PEOE_VSA9,0.01579194167671548
Mutagenic,32,SMR_VSA1,0.020034421402149873
Mutagenic,32,SMR_VSA10,0.04708847399861414
Mutagenic,32,SlogP_VSA2,0.02733942292208718
Mutagenic,32,SlogP_VSA3,0.06720848501018002
Mutagenic,32,VSA_EState10,0.011300401247057794
Mutagenic,32,VSA_EState2,0.018146740634326263
Mutagenic,32,VSA_EState5,0.02317624394488538
Mutagenic,32,VSA_EState7,0.016238391458229584
Mutagenic,32,VSA_EState8,0.014862256836237956
Mutagenic,33,BalabanJ,0.02573623508648211
Mutagenic,33,BertzCT,0.025527856611238204
Mutagenic,33,Chi0,0.010652384574927946
Mutagenic,33,Chi0n,0.015772684338427854
Mutagenic,33,Chi0v,0.021891394976225748
Mutagenic,33,Chi1,0.009324426612204924
Mutagenic,33,Chi1n,0.011093752186344206
Mutagenic,33,Chi1v,0.017943898497233983
Mutagenic,33,Chi2n,0.020072763635326656
Mutagenic,33,Chi2v,0.01585604473631399
Mutagenic,33,Chi3n,0.014249957455292906
Mutagenic,33,Chi3v,0.016966779776146815
Mutagenic,33,Chi4n,0.01788347627503904
Mutagenic,33,Chi4v,0.011005885825384518
Mutagenic,33,EState_VSA2,0.022528250084111013
Mutagenic,33,EState_VSA6,0.016341606413708954
Mutagenic,33,EState_VSA9,0.01994092567168179
Mutagenic,33,HallKierAlpha,0.024693924342045218
Mutagenic,33,HeavyAtomMolWt,0.025104219538769033
Mutagenic,33,Kappa1,0.027227796894559737
Mutagenic,33,Kappa2,0.026679039788447663
Mutagenic,33,Kappa3,0.02217116425559971
Mutagenic,33,MaxAbsEStateIndex,0.02448958847074031
Mutagenic,33,MaxAbsPartialCharge,0.023059023023530714
Mutagenic,33,MaxEStateIndex,0.02590181460512898
Mutagenic,33,MaxPartialCharge,0.02807765637246298
Mutagenic,33,MinAbsEStateIndex,0.0253743870066404
Mutagenic,33,MinAbsPartialCharge,0.028235715227630177
Mutagenic,33,MinEStateIndex,0.02107988579747004
Mutagenic,33,MinPartialCharge,0.027239046974623617
Mutagenic,33,MolLogP,0.027279739703849247
Mutagenic,33,MolMR,0.03159050108174373
Mutagenic,33,MolWt,0.02181704034102086
Mutagenic,33,NumValenceElectrons,0.011886055335271555
Mutagenic,33,PEOE_VSA1,0.013975400697702157
Mutagenic,33,PEOE_VSA6,0.01876997057186535
Mutagenic,33,PEOE_VSA9,0.01605174585582618
Mutagenic,33,SMR_VSA1,0.021432737975151186
Mutagenic,33,SMR_VSA10,0.04217617096035452
Mutagenic,33,SlogP_VSA2,0.0245154173283582
Mutagenic,33,SlogP_VSA3,0.05271625163346384
Mutagenic,33,VSA_EState1,0.011184353882217477
Mutagenic,33,VSA_EState10,0.009986620883648805
Mutagenic,33,VSA_EState2,0.013985918543416846
Mutagenic,33,VSA_EState5,0.02680639987948085
Mutagenic,33,VSA_EState7,0.017355255226679224
Mutagenic,33,VSA_EState8,0.016348835046210864
Mutagenic,34,BalabanJ,0.02202269743952653
Mutagenic,34,BertzCT,0.017497134807214536
Mutagenic,34,Chi0,0.009992555122854754
Mutagenic,34,Chi0n,0.011699116469538166
Mutagenic,34,Chi0v,0.03290433655974802
Mutagenic,34,Chi1,0.009349424982451001
Mutagenic,34,Chi1n,0.013614355200208962
Mutagenic,34,Chi1v,0.01881312160265451
Mutagenic,34,Chi2n,0.01877545605750478
Mutagenic,34,Chi2v,0.020109367226756002
Mutagenic,34,Chi3n,0.014043887219607951
Mutagenic,34,Chi3v,0.01600938742237508
Mutagenic,34,Chi4n,0.01173912527958358
Mutagenic,34,Chi4v,0.01247163520652663
Mutagenic,34,EState_VSA2,0.01573454200117982
Mutagenic,34,HallKierAlpha,0.02931603782060619
Mutagenic,34,HeavyAtomMolWt,0.02874018229171331
Mutagenic,34,Kappa1,0.02984260485186493
Mutagenic,34,Kappa2,0.02621283939505594
Mutagenic,34,Kappa3,0.032465068442785794
Mutagenic,34,MaxAbsEStateIndex,0.020036258441466746
Mutagenic,34,MaxAbsPartialCharge,0.024313183135578332
Mutagenic,34,MaxEStateIndex,0.024102994456835766
Mutagenic,34,MaxPartialCharge,0.02858433989705834
Mutagenic,34,MinAbsEStateIndex,0.02471237062970199
Mutagenic,34,MinAbsPartialCharge,0.02118563703675793
Mutagenic,34,MinEStateIndex,0.025493675346255892
Mutagenic,34,MinPartialCharge,0.03050073763919486
Mutagenic,34,MolLogP,0.030061584825258045
Mutagenic,34,MolMR,0.023079641637629673
Mutagenic,34,MolWt,0.023495074124559614
Mutagenic,34,NumHeteroatoms,0.009913765189397558
Mutagenic,34,NumValenceElectrons,0.008483857876222516
Mutagenic,34,PEOE_VSA6,0.023280740496559347
Mutagenic,34,SMR_VSA1,0.021125451275468866
Mutagenic,34,SMR_VSA10,0.047190895775506524
Mutagenic,34,SMR_VSA7,0.01444949211416306
Mutagenic,34,SlogP_VSA2,0.026861210082727655
Mutagenic,34,SlogP_VSA3,0.048431348896288265
Mutagenic,34,SlogP_VSA5,0.012898382058955717
Mutagenic,34,TPSA,0.013362852623543395
Mutagenic,34,VSA_EState2,0.01599526347713016
Mutagenic,34,VSA_EState4,0.030233096423541075
Mutagenic,34,VSA_EState5,0.028880854912815817
Mutagenic,34,VSA_EState7,0.017784295281907097
Mutagenic,34,VSA_EState8,0.014190120945719269
Mutagenic,35,BalabanJ,0.02182232027443403
Mutagenic,35,BertzCT,0.024286240240389712
Mutagenic,35,Chi0,0.01058303151196078
Mutagenic,35,Chi0n,0.014819465373016769
Mutagenic,35,Chi0v,0.031188202355954972
Mutagenic,35,Chi1n,0.0144650002922095
Mutagenic,35,Chi1v,0.029240571524056708
Mutagenic,35,Chi2n,0.013156546869166934
Mutagenic,35,Chi2v,0.02012622175064075
Mutagenic,35,Chi3n,0.0175175052796731
Mutagenic,35,Chi3v,0.0199767921401995
Mutagenic,35,Chi4n,0.017666422046907583
Mutagenic,35,EState_VSA2,0.01871260614672942
Mutagenic,35,EState_VSA9,0.023481540122660773
Mutagenic,35,HallKierAlpha,0.02695490217533347
Mutagenic,35,HeavyAtomMolWt,0.028494307169084458
Mutagenic,35,Kappa1,0.02993171797478594
Mutagenic,35,Kappa2,0.026267285408352197
Mutagenic,35,Kappa3,0.029866265156389658
Mutagenic,35,MaxAbsEStateIndex,0.025530186833052915
Mutagenic,35,MaxAbsPartialCharge,0.02458311740729989
Mutagenic,35,MaxEStateIndex,0.022438134213061282
Mutagenic,35,MaxPartialCharge,0.03038911709598104
Mutagenic,35,MinAbsEStateIndex,0.02513826508961568
Mutagenic,35,MinAbsPartialCharge,0.027569647206343875
Mutagenic,35,MinEStateIndex,0.02533356709875637
Mutagenic,35,MinPartialCharge,0.028865506049092177
Mutagenic,35,MolLogP,0.02749327437269599
Mutagenic,35,MolMR,0.02450228359174238
Mutagenic,35,MolWt,0.026516755681013988
Mutagenic,35,NumValenceElectrons,0.010254425128843269
Mutagenic,35,PEOE_VSA1,0.015741345911100296
Mutagenic,35,PEOE_VSA6,0.023012236239801545
Mutagenic,35,SMR_VSA1,0.01840236497669154
Mutagenic,35,SMR_VSA10,0.03981251329484637
Mutagenic,35,SlogP_VSA2,0.030927415937153552
Mutagenic,35,SlogP_VSA3,0.047551571737943985
Mutagenic,35,VSA_EState1,0.015757124620553505
Mutagenic,35,VSA_EState2,0.013698535682122637
Mutagenic,35,VSA_EState3,0.013043843360632043
Mutagenic,35,VSA_EState5,0.031248166422377814
Mutagenic,35,VSA_EState7,0.014327774197364532
Mutagenic,35,VSA_EState8,0.019305884039967178
Mutagenic,36,BalabanJ,0.022405634281769865
Mutagenic,36,BertzCT,0.023165454465760373
Mutagenic,36,Chi0n,0.019372002152941773
Mutagenic,36,Chi0v,0.023851008935388187
Mutagenic,36,Chi1,0.01657949129677614
Mutagenic,36,Chi1n,0.018378264362948267
Mutagenic,36,Chi1v,0.015114733976803225
Mutagenic,36,Chi2n,0.018643626608992426
Mutagenic,36,Chi2v,0.020527813853874612
Mutagenic,36,Chi3n,0.016433831037306914
Mutagenic,36,Chi4n,0.014431601277079875
Mutagenic,36,Chi4v,0.016596126215956433
Mutagenic,36,EState_VSA2,0.013389017037146976
Mutagenic,36,EState_VSA5,0.011213428628271026
Mutagenic,36,EState_VSA6,0.012224727034357457
Mutagenic,36,EState_VSA9,0.026422849396198662
Mutagenic,36,HallKierAlpha,0.02232352032464328
Mutagenic,36,HeavyAtomMolWt,0.01969599848132438
Mutagenic,36,Kappa1,0.030325577126025106
Mutagenic,36,Kappa2,0.03093168816066289
Mutagenic,36,Kappa3,0.03329241114747971
Mutagenic,36,MaxAbsEStateIndex,0.022333790232372842
Mutagenic,36,MaxAbsPartialCharge,0.02423508898909246
Mutagenic,36,MaxEStateIndex,0.022307239014198336
Mutagenic,36,MaxPartialCharge,0.025918995323872675
Mutagenic,36,MinAbsEStateIndex,0.022576341358997068
Mutagenic,36,MinAbsPartialCharge,0.02109514511800497
Mutagenic,36,MinEStateIndex,0.02567789379604964
Mutagenic,36,MinPartialCharge,0.03160448578746992
Mutagenic,36,MolLogP,0.02375469917420658
Mutagenic,36,MolMR,0.025866957692550298
Mutagenic,36,MolWt,0.01678997546381142
Mutagenic,36,NumHeteroatoms,0.012663860482184874
Mutagenic,36,NumValenceElectrons,0.01001627514264691
Mutagenic,36,PEOE_VSA6,0.02039036279875484
Mutagenic,36,PEOE_VSA7,0.018465805319038086
Mutagenic,36,SMR_VSA1,0.023004155085016326
Mutagenic,36,SMR_VSA10,0.03649159376560314
Mutagenic,36,SMR_VSA7,0.013867011405525513
Mutagenic,36,SlogP_VSA2,0.033671133216001355
Mutagenic,36,SlogP_VSA3,0.05460338108691976
Mutagenic,36,VSA_EState1,0.014806591245146295
Mutagenic,36,VSA_EState10,0.00883030200184726
Mutagenic,36,VSA_EState3,0.009466313625459374
Mutagenic,36,VSA_EState5,0.0254301419617098
Mutagenic,36,VSA_EState7,0.016601717093641912
Mutagenic,36,VSA_EState8,0.014211938018170849
Mutagenic,37,BalabanJ,0.02481127406025846
Mutagenic,37,BertzCT,0.023061856036080627
Mutagenic,37,Chi0n,0.015849742349449032
Mutagenic,37,Chi0v,0.023701084943556494
Mutagenic,37,Chi1,0.009811531275887183
Mutagenic,37,Chi1n,0.013542199183712281
Mutagenic,37,Chi1v,0.015439219789790133
Mutagenic,37,Chi2n,0.016728468605254832
Mutagenic,37,Chi2v,0.022432596272314552
Mutagenic,37,Chi3n,0.013605335397996566
Mutagenic,37,Chi3v,0.014866334069177384
Mutagenic,37,EState_VSA2,0.015733201491375706
Mutagenic,37,EState_VSA5,0.01256741711094779
Mutagenic,37,HallKierAlpha,0.0273411572387199
Mutagenic,37,HeavyAtomMolWt,0.025942150287267835
Mutagenic,37,Kappa1,0.03660100901063239
Mutagenic,37,Kappa2,0.024234817948574496
Mutagenic,37,Kappa3,0.027903526232000726
Mutagenic,37,MaxAbsEStateIndex,0.02602525196715854
Mutagenic,37,MaxAbsPartialCharge,0.0203414448218721
Mutagenic,37,MaxEStateIndex,0.024818830239476623
Mutagenic,37,MaxPartialCharge,0.02888332701437359
Mutagenic,37,MinAbsEStateIndex,0.02155055221788501
Mutagenic,37,MinAbsPartialCharge,0.023682954707969175
Mutagenic,37,MinEStateIndex,0.02226071876362478
Mutagenic,37,MinPartialCharge,0.02992021963345903
Mutagenic,37,MolLogP,0.03058767392105799
Mutagenic,37,MolMR,0.023380154366680353
Mutagenic,37,MolWt,0.026150721690433816
Mutagenic,37,NumValenceElectrons,0.012194291084641852
Mutagenic,37,PEOE_VSA6,0.021701130419814654
Mutagenic,37,PEOE_VSA8,0.014357698171526309
Mutagenic,37,SMR_VSA1,0.02147544846304398
Mutagenic,37,SMR_VSA10,0.04688445894570772
Mutagenic,37,SMR_VSA5,0.011917358888529558
Mutagenic,37,SlogP_VSA2,0.03593096758194362
Mutagenic,37,SlogP_VSA3,0.05588574721126776
Mutagenic,37,SlogP_VSA5,0.010197624026245453
Mutagenic,37,VSA_EState1,0.013832489571653964
Mutagenic,37,VSA_EState10,0.013513717450412896
Mutagenic,37,VSA_EState4,0.02177205561583064
Mutagenic,37,VSA_EState5,0.027166453931733066
Mutagenic,37,VSA_EState6,0.021494913878284075
Mutagenic,37,VSA_EState7,0.014981462178671402
Mutagenic,37,VSA_EState8,0.014919411933705825
Mutagenic,38,BalabanJ,0.02223478420126064
Mutagenic,38,BertzCT,0.023401342912454083
Mutagenic,38,Chi0n,0.01223592943065516
Mutagenic,38,Chi0v,0.025485105431682895
Mutagenic,38,Chi1,0.013262534804446363
Mutagenic,38,Chi1n,0.014400364518661208
Mutagenic,38,Chi1v,0.016167469606923248
Mutagenic,38,Chi2n,0.01629349337396104
Mutagenic,38,Chi2v,0.02142571800185809
Mutagenic,38,Chi3n,0.012313373541935665
Mutagenic,38,Chi3v,0.015054900551383041
Mutagenic,38,Chi4n,0.011595038655397842
Mutagenic,38,EState_VSA2,0.015485720437466525
Mutagenic,38,EState_VSA8,0.01705497173699141
Mutagenic,38,EState_VSA9,0.02462985464630381
Mutagenic,38,HallKierAlpha,0.029386068402525046
Mutagenic,38,HeavyAtomCount,0.0041485626775044976
Mutagenic,38,HeavyAtomMolWt,0.02125232386471628
Mutagenic,38,Kappa1,0.03821667432692915
Mutagenic,38,Kappa2,0.031436480008574304
Mutagenic,38,Kappa3,0.030828817398144796
Mutagenic,38,MaxAbsEStateIndex,0.021881687009175536
Mutagenic,38,MaxAbsPartialCharge,0.024017196129461175
Mutagenic,38,MaxEStateIndex,0.023700089982609977
Mutagenic,38,MaxPartialCharge,0.02677918676447663
Mutagenic,38,MinAbsEStateIndex,0.02562193007709587
Mutagenic,38,MinAbsPartialCharge,0.027364383756137773
Mutagenic,38,MinEStateIndex,0.026921665000959556
Mutagenic,38,MinPartialCharge,0.022225793053456074
Mutagenic,38,MolLogP,0.02652075893119975
Mutagenic,38,MolMR,0.027379119254917973
Mutagenic,38,MolWt,0.01729239565846002
Mutagenic,38,NumValenceElectrons,0.009849142097715095
Mutagenic,38,PEOE_VSA6,0.021961970233993315
Mutagenic,38,SMR_VSA1,0.020044125199294972
Mutagenic,38,SMR_VSA10,0.046548353752646
Mutagenic,38,SMR_VSA5,0.011781890578312432
Mutagenic,38,SMR_VSA7,0.017070588228950023
Mutagenic,38,SlogP_VSA2,0.033011531051457446
Mutagenic,38,SlogP_VSA3,0.06615294734179684
Mutagenic,38,VSA_EState1,0.013754177725855065
Mutagenic,38,VSA_EState3,0.0128134721027997
Mutagenic,38,VSA_EState5,0.0260641321571732
Mutagenic,38,VSA_EState7,0.018468979314628032
Mutagenic,38,VSA_EState8,0.016464956067652557
Mutagenic,39,BalabanJ,0.02850256594833991
Mutagenic,39,BertzCT,0.022247256482780354
Mutagenic,39,Chi0,0.007139756542563005
Mutagenic,39,Chi0n,0.015880450085541547
Mutagenic,39,Chi0v,0.020829157078380903
Mutagenic,39,Chi1,0.01612934450656682
Mutagenic,39,Chi1n,0.012769712453063842
Mutagenic,39,Chi1v,0.014730993896821785
Mutagenic,39,Chi2n,0.014494421059378775
Mutagenic,39,Chi2v,0.01959762452671533
Mutagenic,39,Chi3n,0.013596907487061514
Mutagenic,39,Chi3v,0.016888738027272136
Mutagenic,39,Chi4n,0.01509379836451075
Mutagenic,39,Chi4v,0.016572898983505033
Mutagenic,39,EState_VSA2,0.015296066100384425
Mutagenic,39,EState_VSA9,0.021101799709746825
Mutagenic,39,HallKierAlpha,0.03184291040104353
Mutagenic,39,HeavyAtomMolWt,0.033315762518196054
Mutagenic,39,Kappa1,0.028676130397632733
Mutagenic,39,Kappa2,0.02880024868239028
Mutagenic,39,Kappa3,0.030526513339285983
Mutagenic,39,MaxAbsEStateIndex,0.022376730639361225
Mutagenic,39,MaxAbsPartialCharge,0.02033621408452474
Mutagenic,39,MaxEStateIndex,0.023175394007557304
Mutagenic,39,MaxPartialCharge,0.02428226981929267
Mutagenic,39,MinAbsEStateIndex,0.02599605640456439
Mutagenic,39,MinAbsPartialCharge,0.02342883475686253
Mutagenic,39,MinEStateIndex,0.023187264280624214
Mutagenic,39,MinPartialCharge,0.027042691775658382
Mutagenic,39,MolLogP,0.023326740728001526
Mutagenic,39,MolMR,0.027409660235023465
Mutagenic,39,MolWt,0.020391010416424105
Mutagenic,39,NumValenceElectrons,0.010808498317893428
Mutagenic,39,PEOE_VSA1,0.011735539484711757
Mutagenic,39,PEOE_VSA14,0.012995428717154174
Mutagenic,39,PEOE_VSA6,0.023309857707636075
Mutagenic,39,SMR_VSA1,0.02075047533165356
Mutagenic,39,SMR_VSA10,0.05964625734571753
Mutagenic,39,SlogP_VSA2,0.02674083462729153
Mutagenic,39,SlogP_VSA3,0.045665098793132894
Mutagenic,39,SlogP_VSA5,0.012194160252137189
Mutagenic,39,VSA_EState1,0.015082537544351939
Mutagenic,39,VSA_EState10,0.011610807341056902
Mutagenic,39,VSA_EState5,0.02399626546644708
Mutagenic,39,VSA_EState7,0.021942380859189165
Mutagenic,39,VSA_EState8,0.018535934472550645
Mutagenic,40,BalabanJ,0.023498366050632616
Mutagenic,40,BertzCT,0.015024377253150124
Mutagenic,40,Chi0n,0.013755854187789246
Mutagenic,40,Chi0v,0.019212185545571085
Mutagenic,40,Chi1,0.00867364214600436
Mutagenic,40,Chi1n,0.011152040922195072
Mutagenic,40,Chi1v,0.016497553722753064
Mutagenic,40,Chi2n,0.016689323878203776
Mutagenic,40,Chi2v,0.017326153308546463
Mutagenic,40,Chi3n,0.01481324279214208
Mutagenic,40,Chi3v,0.02047185606220594
Mutagenic,40,Chi4n,0.013678009800229022
Mutagenic,40,Chi4v,0.017452998565740254
Mutagenic,40,EState_VSA2,0.011078214833923456
Mutagenic,40,EState_VSA8,0.01574718371791858
Mutagenic,40,EState_VSA9,0.03799488592601408
Mutagenic,40,HallKierAlpha,0.023363272891392332
Mutagenic,40,HeavyAtomMolWt,0.024766589413855712
Mutagenic,40,Kappa1,0.02029833953725495
Mutagenic,40,Kappa2,0.031149708222930853
Mutagenic,40,Kappa3,0.030323128565322027
Mutagenic,40,MaxAbsEStateIndex,0.023267207091387375
Mutagenic,40,MaxAbsPartialCharge,0.016359335005923178
Mutagenic,40,MaxEStateIndex,0.022415155359820808
Mutagenic,40,MaxPartialCharge,0.026966730467914382
Mutagenic,40,MinAbsEStateIndex,0.022813905489556086
Mutagenic,40,MinAbsPartialCharge,0.01834950658057959
Mutagenic,40,MinEStateIndex,0.02447849074123607
Mutagenic,40,MinPartialCharge,0.027444346560365377
Mutagenic,40,MolLogP,0.027742523551668872
Mutagenic,40,MolMR,0.023548784082777975
Mutagenic,40,MolWt,0.023019143831485428
Mutagenic,40,NumHeteroatoms,0.011437377710035642
Mutagenic,40,NumValenceElectrons,0.011259924652193432
Mutagenic,40,PEOE_VSA14,0.012728088154865112
Mutagenic,40,PEOE_VSA6,0.021206327925010506
Mutagenic,40,SMR_VSA1,0.01493828616798047
Mutagenic,40,SMR_VSA10,0.049230087866132
Mutagenic,40,SMR_VSA5,0.008367950271084078
Mutagenic,40,SlogP_VSA2,0.02804246050010977
Mutagenic,40,SlogP_VSA3,0.05947135187991937
Mutagenic,40,SlogP_VSA5,0.008328529371714062
Mutagenic,40,SlogP_VSA6,0.01503458960636077
Mutagenic,40,VSA_EState1,0.01748687958856667
Mutagenic,40,VSA_EState4,0.028595266558693985
Mutagenic,40,VSA_EState5,0.02325160236737683
Mutagenic,40,VSA_EState7,0.017001531399249054
Mutagenic,40,VSA_EState8,0.014247689874218018
Mutagenic,41,BalabanJ,0.020680474612722766
Mutagenic,41,BertzCT,0.022229498622678458
Mutagenic,41,Chi0,0.010159752375001416
Mutagenic,41,Chi0n,0.01950561551769584
Mutagenic,41,Chi0v,0.025770339305126594
Mutagenic,41,Chi1,0.014322336398891689
Mutagenic,41,Chi1n,0.017437256757196134
Mutagenic,41,Chi1v,0.01203923061285449
Mutagenic,41,Chi2n,0.016798121885494923
Mutagenic,41,Chi2v,0.017077995811410774
Mutagenic,41,Chi3n,0.013491304241414181
Mutagenic,41,Chi3v,0.019416335606201846
Mutagenic,41,Chi4v,0.015154841616894083
Mutagenic,41,EState_VSA2,0.01434929790922532
Mutagenic,41,EState_VSA5,0.010029298581316504
Mutagenic,41,EState_VSA9,0.022656428663222514
Mutagenic,41,HallKierAlpha,0.03344803121551782
Mutagenic,41,HeavyAtomMolWt,0.029405785070872315
Mutagenic,41,Kappa1,0.04431383052198287
Mutagenic,41,Kappa2,0.027970906538725145
Mutagenic,41,Kappa3,0.03281406057863058
Mutagenic,41,MaxAbsEStateIndex,0.0227604838506991
Mutagenic,41,MaxAbsPartialCharge,0.02214208219590403
Mutagenic,41,MaxEStateIndex,0.023387494278002505
Mutagenic,41,MaxPartialCharge,0.022959306377132224
Mutagenic,41,MinAbsEStateIndex,0.02494579643644501
Mutagenic,41,MinAbsPartialCharge,0.02625689179335617
Mutagenic,41,MinEStateIndex,0.026243743524977277
Mutagenic,41,MinPartialCharge,0.026219311840143922
Mutagenic,41,MolLogP,0.03052840737956277
Mutagenic,41,MolMR,0.030762996548998785
Mutagenic,41,MolWt,0.021388046769705356
Mutagenic,41,NumValenceElectrons,0.010787734018983376
Mutagenic,41,PEOE_VSA14,0.011358398420029085
Mutagenic,41,PEOE_VSA6,0.01763697573806996
Mutagenic,41,SMR_VSA1,0.01878388768319208
Mutagenic,41,SMR_VSA10,0.038750820943327144
Mutagenic,41,SlogP_VSA2,0.021805697426490963
Mutagenic,41,SlogP_VSA3,0.059389648656399084
Mutagenic,41,TPSA,0.016335393451348504
Mutagenic,41,VSA_EState1,0.01673130220024362
Mutagenic,41,VSA_EState10,0.00982723796865909
Mutagenic,41,VSA_EState5,0.0332817903938772
Mutagenic,41,VSA_EState7,0.013146547656518213
Mutagenic,41,VSA_EState8,0.015499262004858239
Mutagenic,42,BalabanJ,0.02790046636596309
Mutagenic,42,BertzCT,0.022910783619102548
Mutagenic,42,Chi0,0.008465712181816909
Mutagenic,42,Chi0n,0.011941006224004005
Mutagenic,42,Chi0v,0.025110512415922638
Mutagenic,42,Chi1,0.008417652659255854
Mutagenic,42,Chi1n,0.015436068796178985
Mutagenic,42,Chi1v,0.017836565771852567
Mutagenic,42,Chi2n,0.01386268902839755
Mutagenic,42,Chi2v,0.016921629445324965
Mutagenic,42,Chi3n,0.015125337995901943
Mutagenic,42,Chi4n,0.02106194395736843
Mutagenic,42,EState_VSA2,0.01701669377415763
Mutagenic,42,EState_VSA5,0.012993131905753243
Mutagenic,42,EState_VSA6,0.013070215801394895
Mutagenic,42,EState_VSA9,0.03083206104670842
Mutagenic,42,HallKierAlpha,0.03005055612003269
Mutagenic,42,HeavyAtomMolWt,0.02905315797621264
Mutagenic,42,Kappa1,0.034934850600937484
Mutagenic,42,Kappa2,0.028357310619943357
Mutagenic,42,Kappa3,0.02791391973904009
Mutagenic,42,MaxAbsEStateIndex,0.027141871996988857
Mutagenic,42,MaxAbsPartialCharge,0.020324014882186336
Mutagenic,42,MaxEStateIndex,0.02236901556820996
Mutagenic,42,MaxPartialCharge,0.029596514553527645
Mutagenic,42,MinAbsEStateIndex,0.025884365012963616
Mutagenic,42,MinAbsPartialCharge,0.027693480734867285
Mutagenic,42,MinEStateIndex,0.025628408835746245
Mutagenic,42,MinPartialCharge,0.026217628456879895
Mutagenic,42,MolLogP,0.024113280965193072
Mutagenic,42,MolMR,0.026405152283402237
Mutagenic,42,MolWt,0.03103643062124869
Mutagenic,42,NumValenceElectrons,0.013119363779175826
Mutagenic,42,PEOE_VSA6,0.021348390809297638
Mutagenic,42,SMR_VSA1,0.025617760767996732
Mutagenic,42,SMR_VSA10,0.0508735059942923
Mutagenic,42,SMR_VSA5,0.009565799848988575
Mutagenic,42,SlogP_VSA2,0.025727778108647886
Mutagenic,42,SlogP_VSA3,0.05953204048176571
Mutagenic,42,SlogP_VSA5,0.00861435194978507
Mutagenic,42,VSA_EState10,0.011001278676281832
Mutagenic,42,VSA_EState5,0.024986056641485427
Mutagenic,42,VSA_EState7,0.019434788006737258
Mutagenic,42,VSA_EState8,0.014556454979061936
Mutagenic,43,BalabanJ,0.021096383988088878
Mutagenic,43,BertzCT,0.023479862273766344
Mutagenic,43,Chi0n,0.013601472965161466
Mutagenic,43,Chi0v,0.03109177368693878
Mutagenic,43,Chi1,0.018513841649820527
Mutagenic,43,Chi1n,0.013815984818539866
Mutagenic,43,Chi1v,0.021921282857854007
Mutagenic,43,Chi2n,0.015310466441509012
Mutagenic,43,Chi2v,0.021645268289466158
Mutagenic,43,Chi3n,0.011456108662173437
Mutagenic,43,Chi3v,0.011849034127847387
Mutagenic,43,Chi4n,0.010373726892628781
Mutagenic,43,Chi4v,0.013156030236696762
Mutagenic,43,EState_VSA10,0.006302789197645111
Mutagenic,43,EState_VSA2,0.01142782857879486
Mutagenic,43,EState_VSA5,0.009161766683428984
Mutagenic,43,EState_VSA8,0.01493910178243328
Mutagenic,43,EState_VSA9,0.015980645910574232
Mutagenic,43,HallKierAlpha,0.030000061209047992
Mutagenic,43,HeavyAtomMolWt,0.021217238260538212
Mutagenic,43,Kappa1,0.029360525918453728
Mutagenic,43,Kappa2,0.028709389554724407
Mutagenic,43,Kappa3,0.030124892847397097
Mutagenic,43,MaxAbsEStateIndex,0.021930043011939182
Mutagenic,43,MaxAbsPartialCharge,0.021062452757762612
Mutagenic,43,MaxEStateIndex,0.02106762543761229
Mutagenic,43,MaxPartialCharge,0.02548113275927874
Mutagenic,43,MinAbsEStateIndex,0.02070354620369996
Mutagenic,43,MinAbsPartialCharge,0.022677527770587284
Mutagenic,43,MinEStateIndex,0.030066489563366005
Mutagenic,43,MinPartialCharge,0.02684055165435672
Mutagenic,43,MolLogP,0.02976323738328509
Mutagenic,43,MolMR,0.020421921523418575
Mutagenic,43,MolWt,0.022527856600694705
Mutagenic,43,NumHeteroatoms,0.011942935648799018
Mutagenic,43,NumValenceElectrons,0.009961884094786795
Mutagenic,43,PEOE_VSA6,0.023388710636000093
Mutagenic,43,SMR_VSA1,0.014366287513456755
Mutagenic,43,SMR_VSA10,0.036697056974676075
Mutagenic,43,SMR_VSA5,0.00909793558761582
Mutagenic,43,SlogP_VSA2,0.028825013145286023
Mutagenic,43,SlogP_VSA3,0.043268566027933296
Mutagenic,43,SlogP_VSA5,0.013781421049220727
Mutagenic,43,TPSA,0.011111645011808124
Mutagenic,43,VSA_EState1,0.015149487600913766
Mutagenic,43,VSA_EState2,0.013937534120398052
Mutagenic,43,VSA_EState4,0.020568286714997996
Mutagenic,43,VSA_EState5,0.027969829896155794
Mutagenic,43,VSA_EState7,0.01648598355955818
Mutagenic,43,VSA_EState8,0.016369560918862967
Mutagenic,44,BalabanJ,0.025089077225659145
Mutagenic,44,BertzCT,0.02228852866319639
Mutagenic,44,Chi0,0.007608331541336579
Mutagenic,44,Chi0n,0.015748007062046432
Mutagenic,44,Chi0v,0.020470388786154706
Mutagenic,44,Chi1n,0.015738933999187014
Mutagenic,44,Chi1v,0.014354409229116556
Mutagenic,44,Chi2n,0.016510278581768262
Mutagenic,44,Chi2v,0.019355523919947795
Mutagenic,44,Chi3n,0.012518486555673447
Mutagenic,44,Chi4n,0.014908369212196994
Mutagenic,44,Chi4v,0.014797363417267747
Mutagenic,44,EState_VSA2,0.01587164540228981
Mutagenic,44,HallKierAlpha,0.029287172595479326
Mutagenic,44,HeavyAtomMolWt,0.024800735959485745
Mutagenic,44,Kappa1,0.03334955930429164
Mutagenic,44,Kappa2,0.020988411763101976
Mutagenic,44,Kappa3,0.028147470778107968
Mutagenic,44,MaxAbsEStateIndex,0.023393533420351477
Mutagenic,44,MaxAbsPartialCharge,0.01970470543068527
Mutagenic,44,MaxEStateIndex,0.025516295740732657
Mutagenic,44,MaxPartialCharge,0.02942141268892581
Mutagenic,44,MinAbsEStateIndex,0.02786226542863334
Mutagenic,44,MinAbsPartialCharge,0.02800925657473886
Mutagenic,44,MinEStateIndex,0.02575214301702175
Mutagenic,44,MinPartialCharge,0.03056255699328856
Mutagenic,44,MolLogP,0.026789804776619422
Mutagenic,44,MolMR,0.03362127709427887
Mutagenic,44,MolWt,0.018316581332392036
Mutagenic,44,NumHeteroatoms,0.008308518772434399
Mutagenic,44,NumValenceElectrons,0.012239146414782333
Mutagenic,44,PEOE_VSA6,0.018081295715907574
Mutagenic,44,SMR_VSA1,0.024150917898181586
Mutagenic,44,SMR_VSA10,0.0602591358515795
Mutagenic,44,SMR_VSA5,0.008921747955866118
Mutagenic,44,SMR_VSA7,0.01692696102095434
Mutagenic,44,SlogP_VSA2,0.027486950701537106
Mutagenic,44,SlogP_VSA3,0.06431487339869034
Mutagenic,44,SlogP_VSA5,0.009341302064515056
Mutagenic,44,TPSA,0.02109080016292671
Mutagenic,44,VSA_EState1,0.014964858325859847
Mutagenic,44,VSA_EState10,0.012539534958554713
Mutagenic,44,VSA_EState5,0.02920706293220864
Mutagenic,44,VSA_EState7,0.014484140261598728
Mutagenic,44,VSA_EState8,0.01690022707042753
Mutagenic,45,BalabanJ,0.023272545730120813
Mutagenic,45,BertzCT,0.03333339302049859
Mutagenic,45,Chi0,0.00733043099149565
Mutagenic,45,Chi0n,0.019189262499521315
Mutagenic,45,Chi0v,0.028165399569778055
Mutagenic,45,Chi1n,0.00916519746263379
Mutagenic,45,Chi1v,0.018820043034171507
Mutagenic,45,Chi2n,0.018426678059636572
Mutagenic,45,Chi2v,0.018985992469437767
Mutagenic,45,Chi3n,0.014084783560759285
Mutagenic,45,Chi3v,0.017033538757879756
Mutagenic,45,Chi4n,0.0182485274337998
Mutagenic,45,Chi4v,0.014326396565224133
Mutagenic,45,EState_VSA10,0.006019907364608595
Mutagenic,45,EState_VSA2,0.01643308241330813
Mutagenic,45,EState_VSA9,0.03626874711780396
Mutagenic,45,HallKierAlpha,0.02636810164383353
Mutagenic,45,HeavyAtomCount,0.005817051020409376
Mutagenic,45,HeavyAtomMolWt,0.025943556916449558
Mutagenic,45,Kappa1,0.02884304638025443
Mutagenic,45,Kappa2,0.02685906881242132
Mutagenic,45,Kappa3,0.030909864868700846
Mutagenic,45,MaxAbsEStateIndex,0.021262865461676234
Mutagenic,45,MaxAbsPartialCharge,0.023113527846952954
Mutagenic,45,MaxEStateIndex,0.01946891566414755
Mutagenic,45,MaxPartialCharge,0.02804129226658711
Mutagenic,45,MinAbsEStateIndex,0.02959428433647399
Mutagenic,45,MinAbsPartialCharge,0.02415485657806892
Mutagenic,45,MinEStateIndex,0.026612480129877776
Mutagenic,45,MinPartialCharge,0.029021882503619003
Mutagenic,45,MolLogP,0.030016459675008142
Mutagenic,45,MolMR,0.01969009518466289
Mutagenic,45,MolWt,0.02308333184565578
Mutagenic,45,NumValenceElectrons,0.01121482490972506
Mutagenic,45,PEOE_VSA1,0.01534216938907922
Mutagenic,45,PEOE_VSA6,0.015303561606756059
Mutagenic,45,PEOE_VSA9,0.018934929750247274
Mutagenic,45,SMR_VSA1,0.016636035015529353
Mutagenic,45,SMR_VSA10,0.047082443928787854
Mutagenic,45,SlogP_VSA2,0.027950693659141497
Mutagenic,45,SlogP_VSA3,0.0500215384917538
Mutagenic,45,VSA_EState2,0.01800352527028978
Mutagenic,45,VSA_EState5,0.028754700810622178
Mutagenic,45,VSA_EState7,0.0157255310672755
Mutagenic,45,VSA_EState8,0.017125438915315237
Mutagenic,46,BalabanJ,0.03164202978718813
Mutagenic,46,BertzCT,0.026926700714567067
Mutagenic,46,Chi0,0.009910621886969513
Mutagenic,46,Chi0n,0.017636313812861338
Mutagenic,46,Chi0v,0.021468152858367506
Mutagenic,46,Chi1n,0.01637934077712796
Mutagenic,46,Chi1v,0.01581973079772072
Mutagenic,46,Chi2n,0.019245770996636824
Mutagenic,46,Chi2v,0.018195998811084857
Mutagenic,46,Chi3n,0.011963687951694876
Mutagenic,46,Chi3v,0.01540177597337162
Mutagenic,46,Chi4n,0.020385381436430424
Mutagenic,46,Chi4v,0.011072133987332903
Mutagenic,46,EState_VSA2,0.01356231549127417
Mutagenic,46,EState_VSA9,0.032151956792820166
Mutagenic,46,HallKierAlpha,0.029102361757045524
Mutagenic,46,HeavyAtomMolWt,0.028484148630333304
Mutagenic,46,Kappa1,0.026590387940022563
Mutagenic,46,Kappa2,0.032861194571541776
Mutagenic,46,Kappa3,0.03027147758562033
Mutagenic,46,MaxAbsEStateIndex,0.022599734108541544
Mutagenic,46,MaxAbsPartialCharge,0.025195756250637278
Mutagenic,46,MaxEStateIndex,0.02084247423579642
Mutagenic,46,MaxPartialCharge,0.023572073474039015
Mutagenic,46,MinAbsEStateIndex,0.019177484372351207
Mutagenic,46,MinAbsPartialCharge,0.023215336365116957
Mutagenic,46,MinEStateIndex,0.02138155765127388
Mutagenic,46,MinPartialCharge,0.02157407408687463
Mutagenic,46,MolLogP,0.02137059033545448
Mutagenic,46,MolMR,0.03781530590076086
Mutagenic,46,MolWt,0.0204513678959999
Mutagenic,46,NumHeteroatoms,0.013941730391671051
Mutagenic,46,NumValenceElectrons,0.011141454992609563
Mutagenic,46,PEOE_VSA6,0.02003209597885011
Mutagenic,46,PEOE_VSA9,0.013333043881830216
Mutagenic,46,SMR_VSA1,0.0190600380229724
Mutagenic,46,SMR_VSA10,0.040918149483833474
Mutagenic,46,SMR_VSA6,0.012714299831052722
Mutagenic,46,SlogP_VSA2,0.02371535691433644
Mutagenic,46,SlogP_VSA3,0.06140056433298191
Mutagenic,46,TPSA,0.01390923305631987
Mutagenic,46,VSA_EState1,0.014535969879776902
Mutagenic,46,VSA_EState10,0.009578675127661458
Mutagenic,46,VSA_EState5,0.02217823420355082
Mutagenic,46,VSA_EState7,0.019408497842693575
Mutagenic,46,VSA_EState8,0.01786541882300181
Mutagenic,47,BalabanJ,0.02486179991356513
Mutagenic,47,BertzCT,0.021291146032136003
Mutagenic,47,Chi0n,0.012657822104930482
Mutagenic,47,Chi0v,0.026402520253502145
Mutagenic,47,Chi1,0.014287914275755835
Mutagenic,47,Chi1n,0.02464795945851728
Mutagenic,47,Chi1v,0.018243116329318226
Mutagenic,47,Chi2n,0.020877375876827267
Mutagenic,47,Chi2v,0.016799587598463
Mutagenic,47,Chi3n,0.013024965785083789
Mutagenic,47,Chi3v,0.015880243100797622
Mutagenic,47,Chi4n,0.01592595229842439
Mutagenic,47,Chi4v,0.011411951347277903
Mutagenic,47,EState_VSA2,0.011822571867016714
Mutagenic,47,EState_VSA5,0.010904764248402136
Mutagenic,47,EState_VSA9,0.01852846764988049
Mutagenic,47,HallKierAlpha,0.021937356673242498
Mutagenic,47,HeavyAtomMolWt,0.020305595736570987
Mutagenic,47,Kappa1,0.032589151206193094
Mutagenic,47,Kappa2,0.0367479575836409
Mutagenic,47,Kappa3,0.02969084428076999
Mutagenic,47,MaxAbsEStateIndex,0.02310330292413649
Mutagenic,47,MaxAbsPartialCharge,0.019851355139419293
Mutagenic,47,MaxEStateIndex,0.021087953944014522
Mutagenic,47,MaxPartialCharge,0.026183487558496532
Mutagenic,47,MinAbsEStateIndex,0.0228825237617085
Mutagenic,47,MinAbsPartialCharge,0.02082254894967496
Mutagenic,47,MinEStateIndex,0.02241264487242961
Mutagenic,47,MinPartialCharge,0.021805239669826285
Mutagenic,47,MolLogP,0.02747074227691077
Mutagenic,47,MolMR,0.03974311180454804
Mutagenic,47,MolWt,0.019176556847479154
Mutagenic,47,NumValenceElectrons,0.013560720013607608
Mutagenic,47,PEOE_VSA6,0.022806273306721397
Mutagenic,47,PEOE_VSA7,0.012030284091737429
Mutagenic,47,SMR_VSA1,0.017745167919572053
Mutagenic,47,SMR_VSA10,0.03817778596729746
Mutagenic,47,SMR_VSA5,0.011967452867769015
Mutagenic,47,SMR_VSA7,0.016059881388747334
Mutagenic,47,SlogP_VSA2,0.02600119805076235
Mutagenic,47,SlogP_VSA3,0.05080297942783339
Mutagenic,47,TPSA,0.015573912130358839
Mutagenic,47,VSA_EState1,0.014600909505054483
Mutagenic,47,VSA_EState10,0.010012823941106877
Mutagenic,47,VSA_EState2,0.015839207757875524
Mutagenic,47,VSA_EState3,0.010538990239374216
Mutagenic,47,VSA_EState5,0.022381341517738837
Mutagenic,47,VSA_EState7,0.018522540505483225
Mutagenic,48,BalabanJ,0.026083494276708547
Mutagenic,48,BertzCT,0.020100239856977113
Mutagenic,48,Chi0,0.00963246651490787
Mutagenic,48,Chi0n,0.017477256887885737
Mutagenic,48,Chi0v,0.027424974506792724
Mutagenic,48,Chi1,0.014529540088910078
Mutagenic,48,Chi1n,0.017766917427845322
Mutagenic,48,Chi1v,0.01650264389906678
Mutagenic,48,Chi2n,0.018410767045188382
Mutagenic,48,Chi2v,0.017490785700733386
Mutagenic,48,Chi3n,0.01504142699229873
Mutagenic,48,Chi3v,0.016819497435267974
Mutagenic,48,Chi4n,0.010766394020988689
Mutagenic,48,Chi4v,0.01306408895083868
Mutagenic,48,EState_VSA2,0.015781271182666357
Mutagenic,48,HallKierAlpha,0.02812467274282639
Mutagenic,48,HeavyAtomMolWt,0.023621723325292797
Mutagenic,48,Kappa1,0.033498996667977066
Mutagenic,48,Kappa2,0.02518015665961246
Mutagenic,48,Kappa3,0.02714450710450869
Mutagenic,48,MaxAbsEStateIndex,0.023350256729230485
Mutagenic,48,MaxAbsPartialCharge,0.02368481951325903
Mutagenic,48,MaxEStateIndex,0.023133737829676374
Mutagenic,48,MaxPartialCharge,0.025010549701888152
Mutagenic,48,MinAbsEStateIndex,0.02677378313042736
Mutagenic,48,MinAbsPartialCharge,0.021493948691842353
Mutagenic,48,MinEStateIndex,0.026882464157272096
Mutagenic,48,MinPartialCharge,0.03160320658449516
Mutagenic,48,MolLogP,0.024489836433360477
Mutagenic,48,MolMR,0.03273247760607862
Mutagenic,48,MolWt,0.029118465788039612
Mutagenic,48,NumHeteroatoms,0.011801769638442278
Mutagenic,48,NumValenceElectrons,0.012039788951629249
Mutagenic,48,PEOE_VSA6,0.01600974763518087
Mutagenic,48,SMR_VSA1,0.0251594344539034
Mutagenic,48,SMR_VSA10,0.05964172938643084
Mutagenic,48,SlogP_VSA2,0.026200897400158206
Mutagenic,48,SlogP_VSA3,0.0696434004680265
Mutagenic,48,VSA_EState1,0.0171516751352165
Mutagenic,48,VSA_EState10,0.01065706195692013
Mutagenic,48,VSA_EState2,0.012393020336885184
Mutagenic,48,VSA_EState5,0.022701306514191947
Mutagenic,48,VSA_EState7,0.019631398442645474
Mutagenic,48,VSA_EState8,0.014233402227505841
Mutagenic,49,BalabanJ,0.0222700271908495
Mutagenic,49,BertzCT,0.02097783837260328
Mutagenic,49,Chi0,0.00895184103587767
Mutagenic,49,Chi0n,0.016238060437961672
Mutagenic,49,Chi0v,0.03357627709879063
Mutagenic,49,Chi1,0.00804723376304523
Mutagenic,49,Chi1n,0.014404047480173038
Mutagenic,49,Chi1v,0.021449966357531942
Mutagenic,49,Chi2n,0.015706473223976062
Mutagenic,49,Chi2v,0.014717422722652874
Mutagenic,49,Chi3n,0.01164929554247766
Mutagenic,49,Chi3v,0.013216114663425397
Mutagenic,49,Chi4n,0.015798739094650186
Mutagenic,49,EState_VSA2,0.014201945236754856
Mutagenic,49,EState_VSA9,0.025499007932972523
Mutagenic,49,HallKierAlpha,0.02437321717503894
Mutagenic,49,HeavyAtomCount,0.004274539603452155
Mutagenic,49,HeavyAtomMolWt,0.026795402088416454
Mutagenic,49,Kappa1,0.03261260711333604
Mutagenic,49,Kappa2,0.030273313229622928
Mutagenic,49,Kappa3,0.02901305833488126
Mutagenic,49,MaxAbsEStateIndex,0.020831544606409645
Mutagenic,49,MaxAbsPartialCharge,0.027066103421855392
Mutagenic,49,MaxEStateIndex,0.02372397290765598
Mutagenic,49,MaxPartialCharge,0.027788684493707784
Mutagenic,49,MinAbsEStateIndex,0.02149003245493573
Mutagenic,49,MinAbsPartialCharge,0.027274314075063442
Mutagenic,49,MinEStateIndex,0.02304338551155219
Mutagenic,49,MinPartialCharge,0.033058293896362216
Mutagenic,49,MolLogP,0.02985514627792501
Mutagenic,49,MolMR,0.037583102244727835
Mutagenic,49,MolWt,0.024609195385892447
Mutagenic,49,NumValenceElectrons,0.014388880694054577
Mutagenic,49,PEOE_VSA1,0.01303878750224546
Mutagenic,49,PEOE_VSA6,0.019156772195791746
Mutagenic,49,SMR_VSA1,0.02245392967117439
Mutagenic,49,SMR_VSA10,0.03763966751129464
Mutagenic,49,SlogP_VSA2,0.029946387742843594
Mutagenic,49,SlogP_VSA3,0.06083417792785489
Mutagenic,49,TPSA,0.015577470618321964
Mutagenic,49,VSA_EState1,0.016000208600574082
Mutagenic,49,VSA_EState10,0.010059886058666381
Mutagenic,49,VSA_EState5,0.02560991238578542
Mutagenic,49,VSA_EState6,0.01865496975050376
Mutagenic,49,VSA_EState8,0.016268746366311402
Mutagenic,50,BalabanJ,0.027180025265193964
Mutagenic,50,BertzCT,0.024141093625287897
Mutagenic,50,Chi0,0.007522408066234353
Mutagenic,50,Chi0n,0.01677699091044957
Mutagenic,50,Chi0v,0.028537261583061933
Mutagenic,50,Chi1n,0.012722102270722907
Mutagenic,50,Chi1v,0.016828962331983634
Mutagenic,50,Chi2n,0.02066198685884388
Mutagenic,50,Chi2v,0.01825594829936094
Mutagenic,50,Chi3n,0.016272061584259163
Mutagenic,50,Chi3v,0.012081216559124915
Mutagenic,50,Chi4n,0.02512145170333676
Mutagenic,50,Chi4v,0.013704665641901894
Mutagenic,50,EState_VSA5,0.010837860073367232
Mutagenic,50,EState_VSA9,0.021746387481386277
Mutagenic,50,HallKierAlpha,0.0352066634847243
Mutagenic,50,HeavyAtomMolWt,0.030722486375333653
Mutagenic,50,Kappa1,0.03152203640255973
Mutagenic,50,Kappa2,0.02714090552164653
Mutagenic,50,Kappa3,0.027505015885518166
Mutagenic,50,MaxAbsEStateIndex,0.020519829567138305
Mutagenic,50,MaxAbsPartialCharge,0.020510089528117188
Mutagenic,50,MaxEStateIndex,0.01997291584730609
Mutagenic,50,MaxPartialCharge,0.02736791177508086
Mutagenic,50,MinAbsEStateIndex,0.02026341323883564
Mutagenic,50,MinAbsPartialCharge,0.025402571465298583
Mutagenic,50,MinEStateIndex,0.02841100746930209
Mutagenic,50,MinPartialCharge,0.029905031082353463
Mutagenic,50,MolLogP,0.029285806749296456
Mutagenic,50,MolMR,0.02801111607739214
Mutagenic,50,MolWt,0.023510787987024613
Mutagenic,50,NumValenceElectrons,0.010110864811322928
Mutagenic,50,PEOE_VSA6,0.01911104836611599
Mutagenic,50,PEOE_VSA7,0.01585591497020664
Mutagenic,50,PEOE_VSA9,0.016039457326930233
Mutagenic,50,SMR_VSA1,0.0214759379185638
Mutagenic,50,SMR_VSA10,0.06467328164744117
Mutagenic,50,SMR_VSA5,0.009681269211391008
Mutagenic,50,SlogP_VSA2,0.027241856708605204
Mutagenic,50,SlogP_VSA3,0.043021486521141496
Mutagenic,50,SlogP_VSA5,0.0160687497518717
Mutagenic,50,VSA_EState1,0.01570966199158156
Mutagenic,50,VSA_EState10,0.007445010801291691
Mutagenic,50,VSA_EState5,0.022138557050894712
Mutagenic,50,VSA_EState8,0.013778892211198787
